Workbook

Sheet Dashboard
A1: DT-3 ENERGY CONSUMPTION & EPI PERFORMANCE DASHBOARD (JAN - JUL 2025 vs 2026)
A4: 2026 JAN-JUL AVG EPI | C4: EPI VARIANCE (vs 2025) | E4: NET YTD COST SAVINGS | H4: NET YTD ENERGY SAVED
A5: =I17 | C5: =J17 | E5: =H25 | H5: =D25
A6: Status: Best-in-Class / Efficient | C6: Improved YTD Performance | E6: Jan–July 2026 vs 2025 | H6: Facility Energy Reduction
A8: 1. EPI PERFORMANCE LEVEL BENCHMARK STANDARDS (kWh/m²/year) | E8: 2. DT3 MONTHLY ENERGY CONSUMPTION & EPI TREND (2025 vs 2026 INCL. JULY)
A9: Performance Level | B9: EPI Range (kWh/m²/yr) | C9: Status Category | D9: Facility Benchmark Target | E9: Month | F9: 2025 Cons (kWh) | G9: 2026 Cons (kWh) | H9: 2025 EPI (kWh/m²/yr) | I9: 2026 EPI (kWh/m²/yr) | J9: Variance (EPI)
A10: Average | B10: 160 – 200 | C10: Typical Office | D10: Standard Commercial Building | E10: Jan | F10: =summary!I6 | G10: =summary!U6 | H10: =F10*12/9124.2807 | I10: =G10*12/9124.2807 | J10: =(I10-H10)/H10
A11: Good | B11: 120 – 150 | C11: Efficient Office | D11: Energy Efficient Facility Target | E11: Feb | F11: =summary!J6 | G11: =summary!V6 | H11: =F11*12/9124.2807 | I11: =G11*12/9124.2807 | J11: =(I11-H11)/H11
A12: Excellent | B12: Below 120 | C12: Best-in-Class | D12: DT3 Operational Target (<120) | E12: Mar | F12: =summary!K6 | G12: =summary!W6 | H12: =F12*12/9124.2807 | I12: =G12*12/9124.2807 | J12: =(I12-H12)/H12
E13: Apr | F13: =summary!L6 | G13: =summary!X6 | H13: =F13*12/9124.2807 | I13: =G13*12/9124.2807 | J13: =(I13-H13)/H13
E14: May | F14: =summary!M6 | G14: =summary!Y6 | H14: =F14*12/9124.2807 | I14: =G14*12/9124.2807 | J14: =(I14-H14)/H14
E15: Jun | F15: =summary!N6 | G15: =summary!Z6 | H15: =F15*12/9124.2807 | I15: =G15*12/9124.2807 | J15: =(I15-H15)/H15
E16: Jul | F16: =summary!O6 | G16: =summary!AA6 | H16: =F16*12/9124.2807 | I16: =G16*12/9124.2807 | J16: =(I16-H16)/H16
E17: Jan-Jul AVERAGE | F17: =AVERAGE(F10:F16) | G17: =AVERAGE(G10:G16) | H17: =F17*12/9124.2807 | I17: =G17*12/9124.2807 | J17: =(I17-H17)/H17
A19: 3. YoY SAVINGS & COMPARATIVE PERFORMANCE ANALYSIS TABLE (JAN - JUL 2025 vs 2026)
A20: Energy Component | B20: 2025 Cons (kWh) | C20: 2026 Cons (kWh) | D20: kWh Savings | E20: % Change (kWh) | F20: 2025 Cost (₹) | G20: 2026 Cost (₹) | H20: Net Cost Savings (₹) | I20: % Cost Savings | J20: Operational Analysis & Savings Justification
A21: EB Electricity (kWh) | B21: =SUM(summary!I2:'summary'!O2) | C21: =SUM(summary!U2:'summary'!AA2) | D21: =B21-C21 | E21: =(C21-B21)/B21 | F21: =B21*7.45 | G21: =C21*7.45 | H21: =F21-G21 | I21: =(G21-F21)/F21 | J21: 23,622 kWh EB Savings (-6.2%) achieved YTD via efficiency
A22: AHU HVAC Power (kWh) | B22: =SUM(summary!I3:'summary'!O3) | C22: =SUM(summary!U3:'summary'!AA3) | D22: =B22-C22 | E22: =(C22-B22)/B22 | F22: =B22*7.45 | G22: =C22*7.45 | H22: =F22-G22 | I22: =(G22-F22)/F22 | J22: Transitioned to 12*5.5 KAM model from May (saved ~4,035 kWh/mo)
A23: DG Backup Power (kWh) | B23: =SUM(summary!I4:'summary'!O4) | C23: =SUM(summary!U4:'summary'!AA4) | D23: =B23-C23 | E23: =(C23-B23)/B23 | F23: =B23*33.85 | G23: =C23*33.85 | H23: =F23-G23 | I23: =(G23-F23)/F23 | J23: DG run hours reduced by 37.8% due to higher utility grid stability
A24: BTU Cooling Load (kWh) | B24: =SUM(summary!I5:'summary'!O5) | C24: =SUM(summary!U5:'summary'!AA5) | D24: =B24-C24 | E24: =(C24-B24)/B24 | F24: =B24*10.75 | G24: =C24*10.75 | H24: =F24-G24 | I24: =(G24-F24)/F24 | J24: BTU cooling load energy reduced by 35,641 kWh (-18.3%) saving ₹3.83L
A25: Total Facility (Jan-Jul) | B25: =SUM(B21:B24) | C25: =SUM(C21:C24) | D25: =B25-C25 | E25: =(C25-B25)/B25 | F25: =SUM(F21:F24) | G25: =SUM(G21:G24) | H25: =F25-G25 | I25: =(G25-F25)/F25 | J25: Total Jan–July facility energy cost reduced by ₹5.45L (-9.8%)
A27: 4. KEY OPERATIONAL INSIGHTS & SAVINGS JUSTIFICATION (DT3)
A28: • Operational Model Transition: | C28: Prior to May, DT3 AHUs operated on a 24*7 running schedule. From May onwards, DT3 transitioned to a 12*5.5 KAM model (12 hrs/day, 5.5 days/week), discontinuing night operations and weekend shifts.
A29: • Hours & Energy Saved: | C29: Switching to the 12*5.5 KAM model saved ~12 hrs/day on weekdays and full weekends (~434 operating hrs/mo per AHU, totaling ~1,736 AHU hrs/mo saved). Monthly AHU consumption dropped from 10,301 kWh in April to 6,266 kWh in May (saved 4,035 kWh / -39.2%), 7,682 kWh in June, and 8,308 kWh in July.
A30: • EPI Trend Justification (vs 2025): | C30: Annualized EPI dropped significantly YTD (May EPI: 100.42 vs 123.85 in 2025, -18.9%; June EPI: 108.28 vs 139.05 in 2025, -22.1%; July EPI: 147.21 vs 150.36 in 2025). Overall Jan–Jul average EPI improved from 119.36 to 110.39 kWh/m²/yr (-7.5%), maintaining Best-in-Class status (<120 kWh/m²/yr).
A31: • YTD Cost Savings: | C31: Total Jan–July energy cost fell from ₹55.51L in 2025 to ₹50.06L in 2026, delivering ₹5.45L (-9.8%) cost savings YTD.

Sheet Mar-24
E2: March - 2024
A3: Sr.No | B3: Location | C3: Meter | D3: Previous Reading | E3: 45352 | F3: 45353 | G3: 45354 | H3: 45355 | I3: 45356 | J3: 45357 | K3: 45358 | L3: 45359 | M3: 45360 | N3: 45361 | O3: 45362 | P3: 45363 | Q3: 45364 | R3: 45365 | S3: 45366 | T3: 45367 | U3: 45368 | V3: 45369 | W3: 45370 | X3: 45371 | Y3: 45372 | Z3: 45373 | AA3: 45374 | AB3: 45375 | AC3: 45376 | AD3: 45377 | AE3: 45378 | AF3: 45379 | AG3: 45380 | AH3: 45381 | AI3: 45382 | AJ3: Consumption
E4: Fri | F4: Sat | G4: Sun | H4: Mon | I4: Tue | J4: Wed | K4: Thu | L4: Fri | M4: Sat | N4: Sun | O4: Mon | P4: Tue | Q4: Wed | R4: Thu | S4: Fri | T4: Sat | U4: Sun | V4: Mon | W4: Tue | X4: Wed | Y4: Thu | Z4: Fri | AA4: Sat | AB4: Sun | AC4: Mon | AD4: Tue | AE4: Wed | AF4: Thu | AG4: Fri | AH4: Sat | AI4: Sun
E5: Time | F5: Time | G5: Time | H5: Time | I5: Time | J5: Time | K5: Time | L5: Time | M5: Time | N5: Time | O5: Time | P5: Time | Q5: Time | R5: Time | S5: Time | T5: Time | U5: Time | V5: Time | W5: Time | X5: Time | Y5: Time | Z5: Time | AA5: Time | AB5: Time | AC5: Time | AD5: Time | AE5: Time | AF5: Time | AG5: Time | AH5: Time | AI5: Time
E6: 0.33333333 | F6: 0.33333333 | G6: 0.33333333 | H6: 0.33333333 | I6: 0.33333333 | J6: =#REF!=AN73 | K6: 0.33333333 | L6: 0.33333333 | M6: 0.33333333 | N6: 0.33333333 | O6: 0.33333333 | P6: 0.33333333 | Q6: 0.33333333 | R6: 0.33333333 | S6: 0.33333333 | T6: 0.33333333 | U6: 0.33333333 | V6: 0.33333333 | W6: 0.33333333 | X6: 0.33333333 | Y6: 0.33333333 | Z6: 0.33333333 | AA6: 0.33333333 | AB6: 0.33333333 | AC6: 0.33333333 | AD6: 0.33333333 | AE6: 0.33333333 | AF6: 0.33333333 | AG6: 0.33333333 | AH6: 0.33333333 | AI6: 0.33333333
A7: 1 | C7: SL No 540430038840 (EB Unit) | D7: 6604 | E7: 6890 | F7: 7077 | G7: 7264 | H7: 7501 | I7: 7740 | J7: 8016 | K7: 8260 | L7: 8503 | M7: 8721 | N7: 8938 | O7: 9166 | P7: 9432 | Q7: 9675 | R7: 9922 | S7: 10128 | T7: 10324 | U7: 10542 | V7: 10788 | W7: 11051 | X7: 11305 | Y7: 11563 | Z7: 11784 | AA7: 11987 | AB7: 12185 | AC7: 12392 | AD7: 12629 | AE7: 12859 | AF7: 13093 | AG7: 13317 | AH7: 13516 | AI7: 13613 | AJ7: =AI7-D7
C8: DG | D8: 165 | E8: 218 | F8: 220 | G8: 220 | H8: 220 | I8: 220 | J8: 220 | K8: 220 | L8: 220 | M8: 220 | N8: 220 | O8: 220 | P8: 220 | Q8: 220 | R8: 258 | S8: 271 | T8: 271 | U8: 271 | V8: 271 | W8: 271 | X8: 271 | Y8: 272 | Z8: 272 | AA8: 272 | AB8: 272 | AC8: 272 | AD8: 272 | AE8: 272 | AF8: 272 | AG8: 272 | AH8: 278 | AI8: 278 | AJ8: =AI8-D8
A9: 2 | C9: SL No 540430038845 (EB Unit) | D9: 1956 | E9: 1956 | F9: 1956 | G9: 1956 | H9: 1956 | I9: 1956 | J9: 1956 | K9: 1956 | L9: 1956 | M9: 1956 | N9: 1956 | O9: 1956 | P9: 1956 | Q9: 1956 | R9: 1956 | S9: 1956 | T9: 1956 | U9: 1956 | V9: 1956 | W9: 1956 | X9: 1956 | Y9: 1956 | Z9: 1956 | AA9: 1956 | AB9: 1956 | AC9: 1956 | AD9: 1956 | AE9: 1956 | AF9: 1956 | AG9: 1956 | AH9: 1956 | AI9: 1956 | AJ9: =AI9-D9
C10: DG | D10: 28 | E10: 28 | F10: 28 | G10: 28 | H10: 28 | I10: 28 | J10: 28 | K10: 28 | L10: 28 | M10: 28 | N10: 28 | O10: 28 | P10: 28 | Q10: 28 | R10: 28 | S10: 28 | T10: 28 | U10: 28 | V10: 28 | W10: 28 | X10: 28 | Y10: 28 | Z10: 28 | AA10: 28 | AB10: 28 | AC10: 28 | AD10: 28 | AE10: 28 | AF10: 28 | AG10: 28 | AH10: 28 | AI10: 28 | AJ10: =AI10-D10
A11: 3 | C11: SL No 540430038844 (EB Unit) | D11: 16819 | E11: 17196 | F11: 17459 | G11: 17701 | H11: 18037 | I11: 18363 | J11: 18729 | K11: 19110 | L11: 19460 | M11: 19746 | N11: 20030 | O11: 20356 | P11: 20729 | Q11: 21071 | R11: 21423 | S11: 21703 | T11: 21962 | U11: 22246 | V11: 22598 | W11: 22978 | X11: 23334 | Y11: 23707 | Z11: 24010 | AA11: 24269 | AB11: 24524 | AC11: 24795 | AD11: 25118 | AE11: 25438 | AF11: 25765 | AG11: 26060 | AH11: 26319 | AI11: 26440 | AJ11: =AI11-D11
C12: DG | D12: 352 | E12: 430 | F12: 433 | G12: 433 | H12: 433 | I12: 433 | J12: 433 | K12: 433 | L12: 433 | M12: 433 | N12: 433 | O12: 433 | P12: 433 | Q12: 433 | R12: 491 | S12: 508 | T12: 508 | U12: 508 | V12: 508 | W12: 508 | X12: 508 | Y12: 508 | Z12: 508 | AA12: 508 | AB12: 508 | AC12: 508 | AD12: 508 | AE12: 508 | AF12: 508 | AG12: 508 | AH12: 517 | AI12: 517 | AJ12: =AI12-D12
A13: 4 | C13: SL No 540430038821 (EB Unit) | D13: 0 | E13: 0 | F13: 0 | G13: 0 | H13: 0 | I13: 0 | J13: 0 | K13: 0 | L13: 0 | M13: 0 | N13: 0 | O13: 0 | P13: 0 | Q13: 0 | R13: 0 | S13: 0 | T13: 0 | U13: 0 | V13: 0 | W13: 0 | X13: 0 | Y13: 0 | Z13: 0 | AA13: 0 | AB13: 0 | AC13: 0 | AD13: 0 | AE13: 0 | AF13: 0 | AG13: 0 | AH13: 0 | AI13: 0 | AJ13: =AI13-D13
C14: DG | D14: 0 | E14: 0 | F14: 0 | G14: 0 | H14: 0 | I14: 0 | J14: 0 | K14: 0 | L14: 0 | M14: 0 | N14: 0 | O14: 0 | P14: 0 | Q14: 0 | R14: 0 | S14: 0 | T14: 0 | U14: 0 | V14: 0 | W14: 0 | X14: 0 | Y14: 0 | Z14: 0 | AA14: 0 | AB14: 0 | AC14: 0 | AD14: 0 | AE14: 0 | AF14: 0 | AG14: 0 | AH14: 0 | AI14: 0 | AJ14: =AI14-D14
A15: 5 | C15: SL No 540430038849 (EB Unit) | D15: 2670 | E15: 2868 | F15: 2973 | G15: 3077 | H15: 3235 | I15: 3404 | J15: 3602 | K15: 3782 | L15: 3944 | M15: 4053 | N15: 4163 | O15: 4319 | P15: 4493 | Q15: 4656 | R15: 4826 | S15: 4956 | T15: 5048 | U15: 5170 | V15: 5340 | W15: 5518 | X15: 5697 | Y15: 5870 | Z15: 6024 | AA15: 6138 | AB15: 6241 | AC15: 6359 | AD15: 6496 | AE15: 6649 | AF15: 6811 | AG15: 6975 | AH15: 7097 | AI15: 7150 | AJ15: =AI15-D15
C16: DG | D16: 76 | E16: 120 | F16: 121 | G16: 121 | H16: 121 | I16: 121 | J16: 121 | K16: 121 | L16: 121 | M16: 121 | N16: 121 | O16: 121 | P16: 121 | Q16: 121 | R16: 149 | S16: 154 | T16: 154 | U16: 154 | V16: 154 | W16: 154 | X16: 154 | Y16: 155 | Z16: 155 | AA16: 155 | AB16: 155 | AC16: 155 | AD16: 155 | AE16: 155 | AF16: 155 | AG16: 155 | AH16: 159 | AI16: 159 | AJ16: =AI16-D16
A17: 6 | C17: SL No 540430038696 (EB Unit) | D17: 7208 | E17: 7489 | F17: 7616 | G17: 7747 | H17: 7999 | I17: 8168 | J17: 8384 | K17: 8618 | L17: 8862 | M17: 9031 | N17: 9157 | O17: 9390 | P17: 9632 | Q17: 9846 | R17: 10087 | S17: 10280 | T17: 10419 | U17: 10545 | V17: 10792 | W17: 11047 | X17: 11291 | Y17: 11527 | Z17: 11717 | AA17: 11844 | AB17: 11930 | AC17: 12027 | AD17: 12230 | AE17: 12449 | AF17: 12650 | AG17: 12826 | AH17: 12947 | AI17: 13012 | AJ17: =AI17-D17
C18: DG | D18: 171 | E18: 231 | F18: 232 | G18: 232 | H18: 232 | I18: 232 | J18: 232 | K18: 232 | L18: 232 | M18: 232 | N18: 232 | O18: 232 | P18: 232 | Q18: 232 | R18: 284 | S18: 299 | T18: 299 | U18: 299 | V18: 299 | W18: 299 | X18: 299 | Y18: 300 | Z18: 300 | AA18: 300 | AB18: 300 | AC18: 300 | AD18: 300 | AE18: 300 | AF18: 300 | AG18: 300 | AH18: 300 | AI18: 300 | AJ18: =AI18-D18
A19: 7 | C19: SL No 540430038843 (EB Unit) | D19: 29055 | E19: 30140 | F19: 30900 | G19: 31689 | H19: 32526 | I19: 33424 | J19: 34380 | K19: 35165 | L19: 35988 | M19: 36654 | N19: 37387 | O19: 38168 | P19: 39015 | Q19: 39822 | R19: 40654 | S19: 41394 | T19: 42060 | U19: 42788 | V19: 43574 | W19: 44408 | X19: 45244 | Y19: 46076 | Z19: 46872 | AA19: 47586 | AB19: 48246 | AC19: 48812 | AD19: 49605 | AE19: 50402 | AF19: 51220 | AG19: 52028 | AH19: 52719 | AI19: 53008 | AJ19: =AI19-D19
C20: DG | D20: 733 | E20: 899 | F20: 904 | G20: 904 | H20: 904 | I20: 904 | J20: 904 | K20: 904 | L20: 904 | M20: 904 | N20: 904 | O20: 904 | P20: 904 | Q20: 904 | R20: 1018 | S20: 1069 | T20: 1069 | U20: 1069 | V20: 1069 | W20: 1069 | X20: 1069 | Y20: 1071 | Z20: 1071 | AA20: 1071 | AB20: 1071 | AC20: 1071 | AD20: 1071 | AE20: 1071 | AF20: 1071 | AG20: 1071 | AH20: 1088 | AI20: 1088 | AJ20: =AI20-D20
A21: 8 | C21: SL No 540430038848 (EB Unit) | D21: 12402 | E21: 12517 | F21: 12635 | G21: 12703 | H21: 12814 | I21: 12913 | J21: 13033 | K21: 13109 | L21: 13209 | M21: 13286 | N21: 13390 | O21: 13444 | P21: 13578 | Q21: 13604 | R21: 13679 | S21: 13743 | T21: 13819 | U21: 13866 | V21: 13957 | W21: 14045 | X21: 14134 | Y21: 14245 | Z21: 14376 | AA21: 14488 | AB21: 14603 | AC21: 14696 | AD21: 14849 | AE21: 14966 | AF21: 15108 | AG21: 15239 | AH21: 15398 | AI21: 15438 | AJ21: =AI21-D21
C22: DG | D22: 199 | E22: 223 | F22: 225 | G22: 225 | H22: 225 | I22: 225 | J22: 225 | K22: 225 | L22: 225 | M22: 225 | N22: 225 | O22: 225 | P22: 225 | Q22: 225 | R22: 239 | S22: 244 | T22: 244 | U22: 244 | V22: 244 | W22: 244 | X22: 244 | Y22: 244 | Z22: 244 | AA22: 244 | AB22: 244 | AC22: 244 | AD22: 244 | AE22: 244 | AF22: 244 | AG22: 244 | AH22: 248 | AI22: 248 | AJ22: =AI22-D22
A24: 1 | C24: AHU1 | D24: 2568 | E24: 2760 | F24: 2851 | G24: 2952 | H24: 3098 | I24: 3248 | J24: 3398 | K24: 3546 | L24: 3682 | M24: 3771 | N24: 3807 | O24: 3953 | P24: 4051 | Q24: 4130 | R24: 4212 | S24: 4274 | T24: 4333 | U24: 4333 | V24: 4423 | W24: 4540 | X24: 4648 | Y24: 4727 | Z24: 4809 | AA24: 4847 | AB24: 4847 | AC24: 4867 | AD24: 4960 | AE24: 5065 | AF24: 5165 | AG24: 5237 | AH24: 5270 | AI24: 5270 | AJ24: =AI24-D24
C25: DG | D25: 132 | E25: 149 | F25: 151 | G25: 151 | H25: 151 | I25: 151 | J25: 151 | K25: 151 | L25: 151 | M25: 151 | N25: 151 | O25: 151 | P25: 151 | Q25: 151 | R25: 151 | S25: 169 | T25: 172 | U25: 172 | V25: 172 | W25: 172 | X25: 172 | Y25: 172 | Z25: 172 | AA25: 172 | AB25: 172 | AC25: 172 | AD25: 172 | AE25: 172 | AF25: 172 | AG25: 172 | AH25: 173 | AI25: 173 | AJ25: =AI25-D25
C26: AHU2 | D26: 2698 | E26: 2834 | F26: 2899 | G26: 2974 | H26: 3076 | I26: 3183 | J26: 3289 | K26: 3401 | L26: 3508 | M26: 3571 | N26: 3597 | O26: 3702 | P26: 3787 | Q26: 3872 | R26: 3956 | S26: 4019 | T26: 4079 | U26: 4079 | V26: 4185 | W26: 4264 | X26: 4351 | Y26: 4430 | Z26: 4507 | AA26: 4548 | AB26: 4548 | AC26: 4567 | AD26: 4700 | AE26: 4781 | AF26: 4861 | AG26: 4972 | AH26: 4964 | AI26: 4964 | AJ26: =AI26-D26
C27: DG | D27: 146 | E27: 155 | F27: 157 | G27: 157 | H27: 157 | I27: 157 | J27: 157 | K27: 157 | L27: 157 | M27: 157 | N27: 157 | O27: 157 | P27: 157 | Q27: 157 | R27: 157 | S27: 175 | T27: 178 | U27: 178 | V27: 178 | W27: 178 | X27: 178 | Y27: 178 | Z27: 178 | AA27: 178 | AB27: 178 | AC27: 178 | AD27: 178 | AE27: 178 | AF27: 178 | AG27: 178 | AH27: 178 | AI27: 178 | AJ27: =AI27-D27
A28: 3 | C28: AHU3 | D28: 1243 | E28: 1356 | F28: 1406 | G28: 1463 | H28: 1542 | I28: 1624 | J28: 1704 | K28: 1791 | L28: 1868 | M28: 1929 | N28: 1947 | O28: 2031 | P28: 2096 | Q28: 2156 | R28: 2229 | S28: 2279 | T28: 2291 | U28: 2291 | V28: 2332 | W28: 2382 | X28: 2449 | Y28: 2524 | Z28: 2568 | AA28: 2594 | AB28: 2594 | AC28: 2603 | AD28: 2653 | AE28: 2688 | AF28: 2759 | AG28: 2813 | AH28: 2862 | AI28: 2862 | AJ28: =AI28-D28
C29: DG | D29: 110 | E29: 116 | F29: 117 | G29: 117 | H29: 117 | I29: 117 | J29: 117 | K29: 117 | L29: 117 | M29: 117 | N29: 117 | O29: 117 | P29: 117 | Q29: 117 | R29: 117 | S29: 129 | T29: 129 | U29: 129 | V29: 129 | W29: 129 | X29: 129 | Y29: 129 | Z29: 129 | AA29: 129 | AB29: 129 | AC29: 129 | AD29: 129 | AE29: 129 | AF29: 129 | AG29: 129 | AH29: 129 | AI29: 129 | AJ29: =AI29-D29
A30: 4 | C30: AHU4 | D30: 1283 | E30: 1379 | F30: 1447 | G30: 1526 | H30: 1641 | I30: 1763 | J30: 1886 | K30: 2004 | L30: 2125 | M30: 2195 | N30: 2225 | O30: 2345 | P30: 2436 | Q30: 2506 | R30: 2549 | S30: 2615 | T30: 2666 | U30: 2666 | V30: 2760 | W30: 2900 | X30: 2975 | Y30: 3047 | Z30: 3114 | AA30: 3148 | AB30: 3148 | AC30: 3166 | AD30: 3249 | AE30: 3346 | AF30: 3441 | AG30: 3541 | AH30: 3541 | AI30: 3542 | AJ30: =AI30-D30
C31: DG | D31: 89 | E31: 98 | F31: 98 | G31: 98 | H31: 98 | I31: 98 | J31: 98 | K31: 98 | L31: 98 | M31: 98 | N31: 98 | O31: 98 | P31: 98 | Q31: 98 | R31: 117 | S31: 117 | T31: 117 | U31: 117 | V31: 117 | W31: 117 | X31: 117 | Y31: 117 | Z31: 117 | AA31: 117 | AB31: 117 | AC31: 117 | AD31: 117 | AE31: 117 | AF31: 117 | AG31: 117 | AH31: 117 | AI31: 117 | AJ31: =AI31-D31
A33: 1 | C33: AHU1 - BTU | D33: 5741.69 | E33: 6562.41 | F33: 6890.24 | G33: 7282.68 | H33: 7893.82 | I33: 8306.92 | J33: 8908.75 | K33: 9501.28 | L33: 10331.83 | M33: 10745.79 | N33: 10745.79 | O33: 11168.93 | P33: 11708.3 | Q33: 12136.9 | R33: 12869.71 | S33: 13327.98 | T33: 13568.36 | U33: 13568.36 | V33: 14217.95 | W33: 14758.62 | X33: 15349.21 | Y33: 15938.04 | Z33: 16487.56 | AA33: 16808.03 | AB33: 16808.03 | AC33: 16954.4 | AD33: 17718.62 | AE33: 18500.95 | AF33: 19332.58 | AG33: 19974.08 | AH33: 20397.69 | AI33: 20397.69 | AJ33: =AI33-D33
A34: 2 | C34: AHU2 - BTU | D34: 6755.88 | E34: 7661.86 | F34: 7970.73 | G34: 8408.61 | H34: 9031.46 | I34: 9433.95 | J34: 10030.26 | K34: 10656.22 | L34: 11185.27 | M34: 11390.86 | N34: 11390.86 | O34: 12035.86 | P34: 12685.61 | Q34: 13185.76 | R34: 13843.29 | S34: 14301.4 | T34: 14565.24 | U34: 14565.24 | V34: 15266.35 | W34: 15829.21 | X34: 16319.61 | Y34: 16865.69 | Z34: 17424.86 | AA34: 17763.58 | AB34: 17763.58 | AC34: 17961 | AD34: 18768.58 | AE34: 19529.06 | AF34: 20169.14 | AG34: 20744.31 | AH34: 21181.85 | AI34: 21181.85 | AJ34: =AI34-D34
A35: 3 | C35: AHU3 - BTU | D35: 4835 | E35: 5667.86 | F35: 5917.95 | G35: 6264.13 | H35: 6574.83 | I35: 6724.38 | J35: 6951.63 | K35: 7380.45 | L35: 7862.22 | M35: 7978.5 | N35: 7978.9 | O35: 8330.4 | P35: 8737.58 | Q35: 9120.95 | R35: 9614.02 | S35: 9927.43 | T35: 10088.81 | U35: 10088.81 | V35: 10492.87 | W35: 10968.6 | X35: 11428.92 | Y35: 11964.02 | Z35: 12414.02 | AA35: 12678.79 | AB35: 12678.79 | AC35: 12842.42 | AD35: 13440.25 | AE35: 14006.83 | AF35: 14679.97 | AG35: 15144.65 | AH35: 15520.6 | AI35: 15520.6 | AJ35: =AI35-D35
A36: 4 | C36: AHU4 - BTU | D36: 7375.29 | E36: 8046.26 | F36: 8406.3 | G36: 8918.24 | H36: 9381.07 | I36: 9718.97 | J36: 10254.25 | K36: 10874.39 | L36: 11696.27 | M36: 12671 | N36: 12671 | O36: 12735.79 | P36: 13446.2 | Q36: 13979.11 | R36: 14862.99 | S36: 15297.68 | T36: 15611.68 | U36: 15611.68 | V36: 16410.86 | W36: 17079.15 | X36: 17746.73 | Y36: 18455.13 | Z36: 19011.66 | AA36: 19435.86 | AB36: 19435.86 | AC36: 19788.02 | AD36: 20748.15 | AE36: 21703.67 | AF36: 22555.75 | AG36: 23394.23 | AH36: 24009.78 | AI36: 24009.78 | AJ36: =AI36-D36
B39: Daily Energy Report
B40: Electricity Consumption
A41: Sr.No | B41: Location | C41: Meter | E41: =E3 | F41: =F3 | G41: =G3 | H41: =H3 | I41: =I3 | J41: =J3 | K41: =K3 | L41: =L3 | ... AI41: =AI3 | AJ41: Consumption
E42: =E4 | F42: =F4 | G42: =G4 | H42: =H4 | I42: =I4 | J42: =J4 | K42: =K4 | L42: =L4 | ... AI42: =AI4
E43: Time | F43: Time | G43: Time | H43: Time | I43: Time | J43: Time | K43: Time | L43: Time | M43: Time | N43: Time | O43: Time | P43: Time | Q43: Time | R43: Time | S43: Time | T43: Time | U43: Time | V43: Time | W43: Time | X43: Time | Y43: Time | Z43: Time | AA43: Time | AB43: Time | AC43: Time | AD43: Time | AE43: Time | AF43: Time | AG43: Time | AH43: Time | AI43: Time
E44: 0.33333333 | F44: 0.33333333 | G44: 0.33333333 | H44: 0.33333333 | I44: 0.33333333 | J44: 0.33333333 | K44: 0.33333333 | L44: 0.33333333 | M44: 0.33333333 | N44: 0.33333333 | O44: 0.33333333 | P44: 0.33333333 | Q44: 0.33333333 | R44: 0.33333333 | S44: 0.33333333 | T44: 0.33333333 | U44: 0.33333333 | V44: 0.33333333 | W44: 0.33333333 | X44: 0.33333333 | Y44: 0.33333333 | Z44: 0.33333333 | AA44: 0.33333333 | AB44: 0.33333333 | AC44: 0.33333333 | AD44: 0.33333333 | AE44: 0.33333333 | AF44: 0.33333333 | AG44: 0.33333333 | AH44: 0.33333333 | AI44: 0.33333333
A45: 1 | B45: 3F | C45: SL No 540430038840 (EB Unit) | E45: =E7-D7 | F45: =F7-E7 | G45: =G7-F7 | H45: =H7-G7 | I45: =I7-H7 | J45: =J7-I7 | K45: =K7-J7 | L45: =L7-K7 | ... AI45: =AI7-AH7 | AJ45: =SUM(E45:AI45)
C46: DG | E46: =E8-D8 | F46: =F8-E8 | G46: =G8-F8 | H46: =H8-G8 | I46: =I8-H8 | J46: =J8-I8 | K46: =K8-J8 | L46: =L8-K8 | ... AI46: =AI8-AH8 | AJ46: =SUM(E46:AI46)
A47: 2 | B47: 3F | C47: SL No 540430038845 (EB Unit) | E47: =E9-D9 | F47: =F9-E9 | G47: =G9-F9 | H47: =H9-G9 | I47: =I9-H9 | J47: =J9-I9 | K47: =K9-J9 | L47: =L9-K9 | ... AI47: =AI9-AH9 | AJ47: =SUM(E47:AI47)
C48: DG | E48: =E10-D10 | F48: =F10-E10 | G48: =G10-F10 | H48: =H10-G10 | I48: =I10-H10 | J48: =J10-I10 | K48: =K10-J10 | L48: =L10-K10 | ... AI48: =AI10-AH10 | AJ48: =SUM(E48:AI48)
A49: 3 | B49: 3F | C49: SL No 540430038844 (EB Unit) | E49: =E11-D11 | F49: =F11-E11 | G49: =G11-F11 | H49: =H11-G11 | I49: =I11-H11 | J49: =J11-I11 | K49: =K11-J11 | L49: =L11-K11 | ... AI49: =AI11-AH11 | AJ49: =SUM(E49:AI49)
C50: DG | E50: =E12-D12 | F50: =F12-E12 | G50: =G12-F12 | H50: =H12-G12 | I50: =I12-H12 | J50: =J12-I12 | K50: =K12-J12 | L50: =L12-K12 | ... AI50: =AI12-AH12 | AJ50: =SUM(E50:AI50)
A51: 4 | B51: 3F | C51: SL No 540430038821 (EB Unit) | E51: =E13-D13 | F51: =F13-E13 | G51: =G13-F13 | H51: =H13-G13 | I51: =I13-H13 | J51: =J13-I13 | K51: =K13-J13 | L51: =L13-K13 | ... AI51: =AI13-AH13 | AJ51: =SUM(E51:AI51)
C52: DG | E52: =E14-D14 | F52: =F14-E14 | G52: =G14-F14 | H52: =H14-G14 | I52: =I14-H14 | J52: =J14-I14 | K52: =K14-J14 | L52: =L14-K14 | ... AI52: =AI14-AH14 | AJ52: =SUM(E52:AI52)
A53: 5 | B53: 3F | C53: SL No 540430038849 (EB Unit) | E53: =E15-D15 | F53: =F15-E15 | G53: =G15-F15 | H53: =H15-G15 | I53: =I15-H15 | J53: =J15-I15 | K53: =K15-J15 | L53: =L15-K15 | ... AI53: =AI15-AH15 | AJ53: =SUM(E53:AI53)
C54: DG | E54: =E16-D16 | F54: =F16-E16 | G54: =G16-F16 | H54: =H16-G16 | I54: =I16-H16 | J54: =J16-I16 | K54: =K16-J16 | L54: =L16-K16 | ... AI54: =AI16-AH16 | AJ54: =SUM(E54:AI54)
A55: 6 | B55: 3F | C55: SL No 540430038696 (EB Unit) | E55: =E17-D17 | F55: =F17-E17 | G55: =G17-F17 | H55: =H17-G17 | I55: =I17-H17 | J55: =J17-I17 | K55: =K17-J17 | L55: =L17-K17 | ... AI55: =AI17-AH17 | AJ55: =SUM(E55:AI55)
C56: DG | E56: =E18-D18 | F56: =F18-E18 | G56: =G18-F18 | H56: =H18-G18 | I56: =I18-H18 | J56: =J18-I18 | K56: =K18-J18 | L56: =L18-K18 | ... AI56: =AI18-AH18 | AJ56: =SUM(E56:AI56)
A57: 7 | B57: 3F | C57: SL No 540430038843 (EB Unit) | E57: =E19-D19 | F57: =F19-E19 | G57: =G19-F19 | H57: =H19-G19 | I57: =I19-H19 | J57: =J19-I19 | K57: =K19-J19 | L57: =L19-K19 | ... AI57: =AI19-AH19 | AJ57: =SUM(E57:AI57)
C58: DG | E58: =E20-D20 | F58: =F20-E20 | G58: =G20-F20 | H58: =H20-G20 | I58: =I20-H20 | J58: =J20-I20 | K58: =K20-J20 | L58: =L20-K20 | ... AI58: =AI20-AH20 | AJ58: =SUM(E58:AI58)
A59: 8 | B59: 3F | C59: SL No 540430038848 (EB Unit) | E59: =E21-D21 | F59: =F21-E21 | G59: =G21-F21 | H59: =H21-G21 | I59: =I21-H21 | J59: =J21-I21 | K59: =K21-J21 | L59: =L21-K21 | ... AI59: =AI21-AH21 | AJ59: =SUM(E59:AI59)
C60: DG | E60: =E22-D22 | F60: =F22-E22 | G60: =G22-F22 | H60: =H22-G22 | I60: =I22-H22 | J60: =J22-I22 | K60: =K22-J22 | L60: =L22-K22 | ... AI60: =AI22-AH22 | AJ60: =SUM(E60:AI60)
C61: Total Power - EB Unit | E61: =SUM(E59,E57,E55,E53,E51,E49,E47,E45) | F61: =SUM(F59,F57,F55,F53,F51,F49,F47,F45) | G61: =SUM(G59,G57,G55,G53,G51,G49,G47,G45) | H61: =SUM(H59,H57,H55,H53,H51,H49,H47,H45) | I61: =SUM(I59,I57,I55,I53,I51,I49,I47,I45) | J61: =SUM(J59,J57,J55,J53,J51,J49,J47,J45) | K61: =SUM(K59,K57,K55,K53,K51,K49,K47,K45) | L61: =SUM(L59,L57,L55,L53,L51,L49,L47,L45) | ... AI61: =SUM(AI59,AI57,AI55,AI53,AI51,AI49,AI47,AI45) | AJ61: =SUM(E61:AI61) | AK61: EB | AL61: =AJ61
C62: Total Power- DG | E62: =SUM(E46,E48,E50,E52,E54,E56,E58,E60) | F62: =SUM(F46,F48,F50,F52,F54,F56,F58,F60) | G62: =SUM(G46,G48,G50,G52,G54,G56,G58,G60) | H62: =SUM(H46,H48,H50,H52,H54,H56,H58,H60) | I62: =SUM(I46,I48,I50,I52,I54,I56,I58,I60) | J62: =SUM(J46,J48,J50,J52,J54,J56,J58,J60) | K62: =SUM(K46,K48,K50,K52,K54,K56,K58,K60) | L62: =SUM(L46,L48,L50,L52,L54,L56,L58,L60) | ... AI62: =SUM(AI46,AI48,AI50,AI52,AI54,AI56,AI58,AI60) | AJ62: =SUM(E62:AI62) | AK62: AHU | AL62: =AJ74
C63: Total Power Cumulative | E63: =E61 | F63: =E63+F61 | G63: =F63+G61 | H63: =G63+H61 | I63: =H63+I61 | J63: =I63+J61 | K63: =J63+K61 | L63: =K63+L61 | M63: =L63+M61 | ... AI63: =AH63+AI61 | AJ63: =AG63+AJ61 | AK63: BTU | AL63: =AJ80*40%
AK64: DG | AL64: =AJ62+AJ75
A65: S No | B65: Location | C65: Meter
A66: 1 | B66: 3F | C66: AHU1 | E66: =E24-D24 | F66: =F24-E24 | G66: =G24-F24 | H66: =H24-G24 | I66: =I24-H24 | J66: =J24-I24 | K66: =K24-J24 | L66: =L24-K24 | ... AI66: =AI24-AH24 | AJ66: =SUM(E66:AI66)
C67: DG | E67: =E25-D25 | F67: =F25-E25 | G67: =G25-F25 | H67: =H25-G25 | I67: =I25-H25 | J67: =J25-I25 | K67: =K25-J25 | L67: =L25-K25 | ... AI67: =AI25-AH25 | AJ67: =SUM(E67:AI67)
A68: 2 | B68: 3F | C68: AHU2 | E68: =E26-D26 | F68: =F26-E26 | G68: =G26-F26 | H68: =H26-G26 | I68: =I26-H26 | J68: =J26-I26 | K68: =K26-J26 | L68: =L26-K26 | ... AI68: =AI26-AH26 | AJ68: =SUM(E68:AI68)
C69: DG | E69: =E27-D27 | F69: =F27-E27 | G69: =G27-F27 | H69: =H27-G27 | I69: =I27-H27 | J69: =J27-I27 | K69: =K27-J27 | L69: =L27-K27 | ... AI69: =AI27-AH27 | AJ69: =SUM(E69:AI69)
A70: 3 | B70: 3F | C70: AHU3 | E70: =E28-D28 | F70: =F28-E28 | G70: =G28-F28 | H70: =H28-G28 | I70: =I28-H28 | J70: =J28-I28 | K70: =K28-J28 | L70: =L28-K28 | ... AI70: =AI28-AH28 | AJ70: =SUM(E70:AI70)
C71: DG | E71: =E29-D29 | F71: =F29-E29 | G71: =G29-F29 | H71: =H29-G29 | I71: =I29-H29 | J71: =J29-I29 | K71: =K29-J29 | L71: =L29-K29 | ... AI71: =AI29-AH29 | AJ71: =SUM(E71:AI71)
A72: 4 | B72: 3F | C72: AHU4 | E72: =E30-D30 | F72: =F30-E30 | G72: =G30-F30 | H72: =H30-G30 | I72: =I30-H30 | J72: =J30-I30 | K72: =K30-J30 | L72: =L30-K30 | ... AI72: =AI30-AH30 | AJ72: =SUM(E72:AI72)
C73: DG | E73: =E31-D31 | F73: =F31-E31 | G73: =G31-F31 | H73: =H31-G31 | I73: =I31-H31 | J73: =J31-I31 | K73: =K31-J31 | L73: =L31-K31 | ... AI73: =AI31-AH31 | AJ73: =SUM(E73:AI73)
C74: Total AHU Power Consumption | E74: =SUM(E66,E68,E70,E72) | F74: =SUM(F66,F68,F70,F72) | G74: =SUM(G66,G68,G70,G72) | H74: =SUM(H66,H68,H70,H72) | I74: =SUM(I66,I68,I70,I72) | J74: =SUM(J66,J68,J70,J72) | K74: =SUM(K66,K68,K70,K72) | L74: =SUM(L66,L68,L70,L72) | ... AI74: =SUM(AI66,AI68,AI70,AI72) | AJ74: =SUM(E74:AI74)
C75: Total AHU DG consumption | E75: =SUM(E67,E69,E71,E73) | F75: =SUM(F67,F69,F71,F73) | G75: =SUM(G67,G69,G71,G73) | H75: =SUM(H67,H69,H71,H73) | I75: =SUM(I67,I69,I71,I73) | J75: =SUM(J67,J69,J71,J73) | K75: =SUM(K67,K69,K71,K73) | L75: =SUM(L67,L69,L71,L73) | ... AI75: =SUM(AI67,AI69,AI71,AI73) | AJ75: =SUM(E75:AI75)
A76: 1 | B76: 3F | C76: AHU1 - BTU | E76: =E33-D33 | F76: =F33-E33 | G76: =G33-F33 | H76: =H33-G33 | I76: =I33-H33 | J76: =J33-I33 | K76: =K33-J33 | L76: =L33-K33 | ... AI76: =AI33-AH33 | AJ76: =SUM(E76:AI76)
A77: 2 | B77: 3F | C77: AHU2 - BTU | E77: =E34-D34 | F77: =F34-E34 | G77: =G34-F34 | H77: =H34-G34 | I77: =I34-H34 | J77: =J34-I34 | K77: =K34-J34 | L77: =L34-K34 | ... AI77: =AI34-AH34 | AJ77: =SUM(E77:AI77)
A78: 3 | B78: 3F | C78: AHU3 - BTU | E78: =E35-D35 | F78: =F35-E35 | G78: =G35-F35 | H78: =H35-G35 | I78: =I35-H35 | J78: =J35-I35 | K78: =K35-J35 | L78: =L35-K35 | ... AI78: =AI35-AH35 | AJ78: =SUM(E78:AI78)
A79: 4 | B79: 3F | C79: AHU4 - BTU | E79: =E36-D36 | F79: =F36-E36 | G79: =G36-F36 | H79: =H36-G36 | I79: =I36-H36 | J79: =J36-I36 | K79: =K36-J36 | L79: =L36-K36 | ... AI79: =AI36-AH36 | AJ79: =SUM(E79:AI79)
C80: Total BTU Consumption | E80: =SUM(E76:E79) | F80: =SUM(F76:F79) | G80: =SUM(G76:G79) | H80: =SUM(H76:H79) | I80: =SUM(I76:I79) | J80: =SUM(J76:J79) | K80: =SUM(K76:K79) | L80: =SUM(L76:L79) | ... AJ80: =SUM(AJ76:AJ79)

Sheet Apr-24
E2: April - 2024
A3: Sr.No | B3: Location | C3: Meter | D3: Previous Reading | E3: 45383 | F3: 45384 | G3: 45385 | H3: 45386 | I3: 45387 | J3: 45388 | K3: 45389 | L3: 45390 | M3: 45391 | N3: 45392 | O3: 45393 | P3: 45394 | Q3: 45395 | R3: 45396 | S3: 45397 | T3: 45398 | U3: 45399 | V3: 45400 | W3: 45401 | X3: 45402 | Y3: 45403 | Z3: 45404 | AA3: 45405 | AB3: 45406 | AC3: 45407 | AD3: 45408 | AE3: 45409 | AF3: 45410 | AG3: 45411 | AH3: 45412 | AI3: Consumption
E4: Mon | F4: Tue | G4: Wed | H4: Thu | I4: Fri | J4: Sat | K4: Sun | L4: Mon | M4: Tue | N4: Wed | O4: Thu | P4: Fri | Q4: Sat | R4: Sun | S4: Mon | T4: Tue | U4: Wed | V4: Thu | W4: Fri | X4: Sat | Y4: Sun | Z4: Mon | AA4: Tue | AB4: Wed | AC4: Thu | AD4: Fri | AE4: Sat | AF4: Sun | AG4: Mon | AH4: Tue
E5: Time | F5: Time | G5: Time | H5: Time | I5: Time | J5: Time | K5: Time | L5: Time | M5: Time | N5: Time | O5: Time | P5: Time | Q5: Time | R5: Time | S5: Time | T5: Time | U5: Time | V5: Time | W5: Time | X5: Time | Y5: Time | Z5: Time | AA5: Time | AB5: Time | AC5: Time | AD5: Time | AE5: Time | AF5: Time | AG5: Time | AH5: Time
E6: 0.33333333 | F6: 0.33333333 | G6: 0.33333333 | H6: 0.33333333 | I6: 0.33333333 | J6: 0.33333333 | K6: 0.33333333 | L6: 0.33333333 | M6: 0.33333333 | N6: 0.33333333 | O6: 0.33333333 | P6: 0.33333333 | Q6: 0.33333333 | R6: 0.33333333 | S6: 0.33333333 | T6: 0.33333333 | U6: 0.33333333 | V6: 0.33333333 | W6: 0.33333333 | X6: 0.33333333 | Y6: 0.33333333 | Z6: 0.33333333 | AA6: 0.33333333 | AB6: 0.33333333 | AC6: 0.33333333 | AD6: 0.33333333 | AE6: 0.33333333 | AF6: 0.33333333 | AG6: 0.33333333 | AH6: 0.33333333
A7: 1 | C7: SL No 540430038840 (EB Unit) | D7: ='Mar-24'!AI7 | E7: 13954 | F7: 14192 | G7: 14447 | H7: 14695 | I7: 14934 | J7: 15140 | K7: 15340 | L7: 15616 | M7: 15857 | N7: 16102 | O7: 16352 | P7: 16577 | Q7: 16833 | R7: 17031 | S7: 17277 | T7: 17515 | U7: 17761 | V7: 18010 | W7: 18263 | X7: 18443 | Y7: 18647 | Z7: 18895 | AA7: 19148 | AB7: 19397 | AC7: 19626 | AD7: 19862 | AE7: 20081 | AF7: 20271 | AG7: 20513 | AH7: 20652 | AI7: =AH7-D7
C8: DG | D8: ='Mar-24'!AI8 | E8: 278 | F8: 278 | G8: 284 | H8: 284 | I8: 284 | J8: 284 | K8: 284 | L8: 284 | M8: 286 | N8: 296 | O8: 296 | P8: 296 | Q8: 296 | R8: 301 | S8: 304 | T8: 304 | U8: 304 | V8: 304 | W8: 304 | X8: 304 | Y8: 304 | Z8: 304 | AA8: 306 | AB8: 306 | AC8: 308 | AD8: 319 | AE8: 323 | AF8: 323 | AG8: 323 | AH8: 328 | AI8: =AH8-D8
A9: 2 | C9: SL No 540430038845 (EB Unit) | D9: ='Mar-24'!AI9 | E9: 1956 | F9: 1956 | G9: 1956 | H9: 1956 | I9: 1956 | J9: 1956 | K9: 1956 | L9: 1956 | M9: 1956 | N9: 1956 | O9: 1956 | P9: 1956 | Q9: 1956 | R9: 1956 | S9: 1956 | T9: 1956 | U9: 1956 | V9: 1956 | W9: 1956 | X9: 1956 | Y9: 1956 | Z9: 1956 | AA9: 1956 | AB9: 1956 | AC9: 1956 | AD9: 1956 | AE9: 1956 | AF9: 1956 | AG9: 1956 | AH9: 1956 | AI9: =AH9-D9
C10: DG | D10: ='Mar-24'!AI10 | E10: 28 | F10: 28 | G10: 28 | H10: 28 | I10: 28 | J10: 28 | K10: 28 | L10: 28 | M10: 28 | N10: 28 | O10: 28 | P10: 28 | Q10: 28 | R10: 28 | S10: 28 | T10: 28 | U10: 28 | V10: 28 | W10: 28 | X10: 28 | Y10: 28 | Z10: 28 | AA10: 28 | AB10: 28 | AC10: 28 | AD10: 28 | AE10: 28 | AF10: 28 | AG10: 28 | AH10: 28 | AI10: =AH10-D10
A11: 3 | C11: SL No 540430038844 (EB Unit) | D11: ='Mar-24'!AI11 | E11: 26903 | F11: 27234 | G11: 27600 | H11: 27954 | I11: 28285 | J11: 28564 | K11: 28848 | L11: 29211 | M11: 29553 | N11: 29896 | O11: 30245 | P11: 30561 | Q11: 30813 | R11: 31065 | S11: 31409 | T11: 31746 | U11: 32095 | V11: 32436 | W11: 32782 | X11: 33017 | Y11: 33274 | Z11: 33623 | AA11: 33981 | AB11: 34335 | AC11: 34646 | AD11: 34977 | AE11: 35264 | AF11: 35509 | AG11: 35851 | AH11: 36049 | AI11: =AH11-D11
C12: DG | D12: ='Mar-24'!AI12 | E12: 517 | F12: 517 | G12: 526 | H12: 526 | I12: 526 | J12: 526 | K12: 526 | L12: 526 | M12: 528 | N12: 544 | O12: 544 | P12: 544 | Q12: 544 | R12: 550 | S12: 555 | T12: 555 | U12: 555 | V12: 555 | W12: 555 | X12: 555 | Y12: 555 | Z12: 555 | AA12: 557 | AB12: 557 | AC12: 560 | AD12: 576 | AE12: 581 | AF12: 581 | AG12: 581 | AH12: 588 | AI12: =AH12-D12
A13: 4 | C13: SL No 540430038821 (EB Unit) | D13: ='Mar-24'!AI13 | E13: 0 | F13: 0 | G13: 0 | H13: 0 | I13: 0 | J13: 0 | K13: 0 | L13: 0 | M13: 0 | N13: 0 | O13: 0 | P13: 0 | Q13: 0 | R13: 0 | S13: 0 | T13: 0 | U13: 0 | V13: 0 | W13: 0 | X13: 0 | Y13: 0 | Z13: 0 | AA13: 0 | AB13: 0 | AC13: 0 | AD13: 0 | AE13: 0 | AF13: 0 | AG13: 0 | AH13: 0 | AI13: =AH13-D13
C14: DG | D14: ='Mar-24'!AI14 | E14: 0 | F14: 0 | G14: 0 | H14: 0 | I14: 0 | J14: 0 | K14: 0 | L14: 0 | M14: 0 | N14: 0 | O14: 0 | P14: 0 | Q14: 0 | R14: 0 | S14: 0 | T14: 0 | U14: 0 | V14: 0 | W14: 0 | X14: 0 | Y14: 0 | Z14: 0 | AA14: 0 | AB14: 0 | AC14: 0 | AD14: 0 | AE14: 0 | AF14: 0 | AG14: 0 | AH14: 0 | AI14: =AH14-D14
A15: 5 | C15: SL No 540430038849 (EB Unit) | D15: ='Mar-24'!AI15 | E15: 7390 | F15: 7565 | G15: 7733 | H15: 7902 | I15: 8061 | J15: 8178 | K15: 8290 | L15: 8458 | M15: 8615 | N15: 8778 | O15: 8941 | P15: 9098 | Q15: 9203 | R15: 9314 | S15: 9484 | T15: 9651 | U15: 9822 | V15: 9981 | W15: 10131 | X15: 10221 | Y15: 10330 | Z15: 10496 | AA15: 10645 | AB15: 10818 | AC15: 10970 | AD15: 11120 | AE15: 11234 | AF15: 11348 | AG15: 11505 | AH15: 11588 | AI15: =AH15-D15
C16: DG | D16: ='Mar-24'!AI16 | E16: 159 | F16: 159 | G16: 163 | H16: 163 | I16: 163 | J16: 163 | K16: 163 | L16: 163 | M16: 164 | N16: 174 | O16: 174 | P16: 174 | Q16: 174 | R16: 177 | S16: 180 | T16: 180 | U16: 180 | V16: 180 | W16: 180 | X16: 180 | Y16: 180 | Z16: 180 | AA16: 181 | AB16: 181 | AC16: 183 | AD16: 191 | AE16: 193 | AF16: 193 | AG16: 193 | AH16: 196 | AI16: =AH16-D16
A17: 6 | C17: SL No 540430038696 (EB Unit) | D17: ='Mar-24'!AI17 | E17: 13245 | F17: 13458 | G17: 13668 | H17: 13921 | I17: 14166 | J17: 14326 | K17: 14459 | L17: 14714 | M17: 14957 | N17: 15185 | O17: 15437 | P17: 15699 | Q17: 15835 | R17: 15970 | S17: 16209 | T17: 16435 | U17: 16658 | V17: 16892 | W17: 17148 | X17: 17274 | Y17: 17415 | Z17: 17674 | AA17: 17939 | AB17: 18217 | AC17: 18491 | AD17: 18754 | AE17: 18932 | AF17: 19098 | AG17: 19384 | AH17: 19531 | AI17: =AH17-D17
C18: DG | D18: ='Mar-24'!AI18 | E18: 300 | F18: 300 | G18: 305 | H18: 305 | I18: 305 | J18: 305 | K18: 305 | L18: 305 | M18: 305 | N18: 321 | O18: 321 | P18: 321 | Q18: 321 | R18: 326 | S18: 329 | T18: 329 | U18: 329 | V18: 329 | W18: 329 | X18: 329 | Y18: 329 | Z18: 329 | AA18: 331 | AB18: 331 | AC18: 332 | AD18: 345 | AE18: 347 | AF18: 347 | AG18: 347 | AH18: 353 | AI18: =AH18-D18
A19: 7 | C19: SL No 540430038843 (EB Unit) | D19: ='Mar-24'!AI19 | E19: 54181 | F19: 54950 | G19: 55754 | H19: 56487 | I19: 57283 | J19: 57971 | K19: 58639 | L19: 59399 | M19: 60160 | N19: 60923 | O19: 61715 | P19: 62483 | Q19: 63168 | R19: 63819 | S19: 64541 | T19: 65298 | U19: 66081 | V19: 66869 | W19: 67698 | X19: 68306 | Y19: 68961 | Z19: 69739 | AA19: 70532 | AB19: 71312 | AC19: 72055 | AD19: 72822 | AE19: 73539 | AF19: 74244 | AG19: 74950 | AH19: 75336 | AI19: =AH19-D19
C20: DG | D20: ='Mar-24'!AI20 | E20: 1088 | F20: 1088 | G20: 1101 | H20: 1101 | I20: 1101 | J20: 1101 | K20: 1101 | L20: 1101 | M20: 1104 | N20: 1134 | O20: 1134 | P20: 1134 | Q20: 1134 | R20: 1152 | S20: 1159 | T20: 1159 | U20: 1159 | V20: 1159 | W20: 1159 | X20: 1159 | Y20: 1159 | Z20: 1159 | AA20: 1166 | AB20: 1166 | AC20: 1170 | AD20: 1203 | AE20: 1212 | AF20: 1212 | AG20: 1212 | AH20: 1226 | AI20: =AH20-D20
A21: 8 | C21: SL No 540430038848 (EB Unit) | D21: ='Mar-24'!AI21 | E21: 15690 | F21: 15807 | G21: 15919 | H21: 15996 | I21: 16074 | J21: 16153 | K21: 16225 | L21: 16309 | M21: 16399 | N21: 16485 | O21: 16570 | P21: 16653 | Q21: 16722 | R21: 16789 | S21: 16899 | T21: 17020 | U21: 17152 | V21: 17244 | W21: 17333 | X21: 17390 | Y21: 17459 | Z21: 17536 | AA21: 17595 | AB21: 17658 | AC21: 17719 | AD21: 17782 | AE21: 17836 | AF21: 17874 | AG21: 17935 | AH21: 17963 | AI21: =AH21-D21
C22: DG | D22: ='Mar-24'!AI22 | E22: 248 | F22: 248 | G22: 250 | H22: 250 | I22: 250 | J22: 250 | K22: 250 | L22: 250 | M22: 251 | N22: 255 | O22: 255 | P22: 255 | Q22: 255 | R22: 257 | S22: 259 | T22: 259 | U22: 259 | V22: 259 | W22: 259 | X22: 259 | Y22: 259 | Z22: 259 | AA22: 260 | AB22: 260 | AC22: 261 | AD22: 265 | AE22: 268 | AF22: 268 | AG22: 268 | AH22: 269 | AI22: =AH22-D22
A24: 1 | C24: AHU1 | D24: ='Mar-24'!AI24 | E24: 5326 | F24: 5383 | G24: 5441 | H24: 5502 | I24: 5558 | J24: 5596 | K24: 5596 | L24: 5660 | M24: 5719 | N24: 5814 | O24: 5921 | P24: 6026 | Q24: 6086 | R24: 6086 | S24: 6197 | T24: 6304 | U24: 6413 | V24: 6519 | W24: 6620 | X24: 6680 | Y24: 6680 | Z24: 6800 | AA24: 6913 | AB24: 7010 | AC24: 7078 | AD24: 7142 | AE24: 7161 | AF24: 7162 | AG24: 7229 | AH24: 7266 | AI24: =AH24-D24
C25: DG | D25: ='Mar-24'!AH25 | E25: 173 | F25: 173 | G25: 174 | H25: 174 | I25: 174 | J25: 174 | K25: 174 | L25: 174 | M25: 175 | N25: 178 | O25: 178 | P25: 178 | Q25: 178 | R25: 178 | S25: 179 | T25: 179 | U25: 179 | V25: 179 | W25: 179 | X25: 179 | Y25: 179 | Z25: 179 | AA25: 181 | AB25: 181 | AC25: 181 | AD25: 182 | AE25: 182 | AF25: 182 | AG25: 182 | AH25: 184 | AI25: =AH25-D25
A26: 2 | C26: AHU2 | D26: ='Mar-24'!AI26 | E26: 5045 | F26: 5128 | G26: 5216 | H26: 5303 | I26: 5366 | J26: 5407 | K26: 5407 | L26: 5482 | M26: 5585 | N26: 5634 | O26: 5684 | P26: 5739 | Q26: 5769 | R26: 5769 | S26: 5853 | T26: 5927 | U26: 6001 | V26: 6073 | W26: 6134 | X26: 6161 | Y26: 6161 | Z26: 6215 | AA26: 6266 | AB26: 6328 | AC26: 6395 | AD26: 6453 | AE26: 6480 | AF26: 6480 | AG26: 6548 | AH26: 6581 | AI26: =AH26-D26
C27: DG | D27: ='Mar-24'!AI27 | E27: 178 | F27: 117 | G27: 180 | H27: 180 | I27: 180 | J27: 180 | K27: 180 | L27: 180 | M27: 180 | N27: 188 | O27: 188 | P27: 188 | Q27: 188 | R27: 188 | S27: 189 | T27: 189 | U27: 189 | V27: 189 | W27: 189 | X27: 189 | Y27: 189 | Z27: 189 | AA27: 190 | AB27: 190 | AC27: 190 | AD27: 192 | AE27: 192 | AF27: 192 | AG27: 192 | AH27: 194 | AI27: =AH27-D27
A28: 3 | C28: AHU3 | D28: ='Mar-24'!AI28 | E28: 2937 | F28: 3007 | G28: 3081 | H28: 3157 | I28: 3223 | J28: 3277 | K28: 3277 | L28: 3323 | M28: 3418 | N28: 3505 | O28: 3568 | P28: 3633 | Q28: 3691 | R28: 3691 | S28: 3773 | T28: 3882 | U28: 3923 | V28: 4000 | W28: 4073 | X28: 4114 | Y28: 4114 | Z28: 4203 | AA28: 4280 | AB28: 4359 | AC28: 4425 | AD28: 4485 | AE28: 4505 | AF28: 4505 | AG28: 4567 | AH28: 4607 | AI28: =AH28-D28
C29: DG | D29: ='Mar-24'!AI29 | E29: 129 | F29: 129 | G29: 131 | H29: 131 | I29: 131 | J29: 131 | K29: 131 | L29: 131 | M29: 131 | N29: 135 | O29: 135 | P29: 135 | Q29: 135 | R29: 135 | S29: 136 | T29: 136 | U29: 136 | V29: 136 | W29: 136 | X29: 136 | Y29: 136 | Z29: 136 | AA29: 137 | AB29: 137 | AC29: 137 | AD29: 139 | AE29: 139 | AF29: 139 | AG29: 139 | AH29: 140 | AI29: =AH29-D29
A30: 4 | C30: AHU4 | D30: ='Mar-24'!AI30 | E30: 3629 | F30: 3722 | G30: 3802 | H30: 3880 | I30: 3942 | J30: 3976 | K30: 3976 | L30: 4026 | M30: 4070 | N30: 4101 | O30: 4131 | P30: 4177 | Q30: 4195 | R30: 4195 | S30: 4246 | T30: 4278 | U30: 4311 | V30: 4344 | W30: 4385 | X30: 4422 | Y30: 4422 | Z30: 4503 | AA30: 4581 | AB30: 4660 | AC30: 4725 | AD30: 4786 | AE30: 4806 | AF30: 4806 | AG30: 4889 | AH30: 4928 | AI30: =AH30-D30
C31: DG | D31: ='Mar-24'!AI31 | E31: 117 | F31: 117 | G31: 119 | H31: 119 | I31: 119 | J31: 119 | K31: 119 | L31: 119 | M31: 119 | N31: 121 | O31: 121 | P31: 121 | Q31: 121 | R31: 121 | S31: 122 | T31: 122 | U31: 122 | V31: 122 | W31: 122 | X31: 122 | Y31: 122 | Z31: 122 | AA31: 123 | AB31: 123 | AC31: 123 | AD31: 125 | AE31: 125 | AF31: 125 | AG31: 125 | AH31: 127 | AI31: =AH31-D31
A33: 1 | C33: AHU1 - BTU | D33: ='Mar-24'!AI33 | E33: 21409.6 | F33: 22161.77 | G33: 22850.5 | H33: 23503.28 | I33: 24067.02 | J33: 24424.25 | K33: 24424.25 | L33: 25188.51 | M33: 25950.06 | N33: 26827.08 | O33: 27672.48 | P33: 28403.37 | Q33: 28668.95 | R33: 28668.95 | S33: 29756.55 | T33: 30722.75 | U33: 31506.4 | V33: 32311.93 | W33: 32993.25 | X33: 33324.88 | Y33: 33324.88 | Z33: 34423.33 | AA33: 35423.46 | AB33: 36245.63 | AC33: 37031.83 | AD33: 37699.55 | AE33: 38117.54 | AF33: 38117.54 | AG33: 39198.41 | AH33: 39808.33 | AI33: =AH33-D33
A34: 2 | C34: AHU2 - BTU | D34: ='Mar-24'!AI34 | E34: 21945.98 | F34: 22720.54 | G34: 23411.95 | H34: 24120.47 | I34: 24773.43 | J34: 25081.65 | K34: 25081.65 | L34: 26091.01 | M34: 26746.39 | N34: 27447.98 | O34: 28122.32 | P34: 28720.23 | Q34: 29040.22 | R34: 29040.22 | S34: 29905.93 | T34: 30619.39 | U34: 31315.45 | V34: 32035.07 | W34: 32730.58 | X34: 33108.49 | Y34: 33108.49 | Z34: 34097.47 | AA34: 34888.69 | AB34: 35580.02 | AC34: 36264.12 | AD34: 36972.64 | AE34: 37406.7 | AF34: 37406.7 | AG34: 38410.78 | AH34: 39039.43 | AI34: =AH34-D34
A35: 3 | C35: AHU3 - BTU | D35: ='Mar-24'!AI35 | E35: 16330.66 | F35: 16953.07 | G35: 17517.78 | H35: 18145.78 | I35: 18720.58 | J35: 19061.88 | K35: 19061.88 | L35: 19705 | M35: 20386.96 | N35: 21064.88 | O35: 21798.73 | P35: 22392.31 | Q35: 22683.07 | R35: 22683.07 | S35: 23805.99 | T35: 24672.94 | U35: 25738.12 | V35: 26399.51 | W35: 27163.83 | X35: 27621.63 | Y35: 27621.63 | Z35: 28699.69 | AA35: 29733.84 | AB35: 30553.78 | AC35: 31401.06 | AD35: 32233.52 | AE35: 32758.82 | AF35: 32758.82 | AG35: 33732.59 | AH35: 34466.31 | AI35: =AH35-D35
A36: 4 | C36: AHU4 - BTU | D36: ='Mar-24'!AI36 | E36: 25419.59 | F36: 26370.92 | G36: 27234.14 | H36: 28024.3 | I36: 28788.29 | J36: 29255.67 | K36: 29255.67 | L36: 30254.33 | M36: 31229.2 | N36: 32263.49 | O36: 33125.05 | P36: 33971.68 | Q36: 34364.35 | R36: 34364.35 | S36: 35632.68 | T36: 36573.12 | U36: 37463.45 | V36: 38302.71 | W36: 39055.22 | X36: 39535.63 | Y36: 39535.63 | Z36: 41006.37 | AA36: 42325.41 | AB36: 43455.98 | AC36: 44476.59 | AD36: 45418.41 | AE36: 46087.97 | AF36: 46087.97 | AG36: 47630.79 | AH36: 48593.12 | AI36: =AH36-D36
B39: Daily Energy Report
B40: Electricity Consumption
A41: Sr.No | B41: Location | C41: Meter | E41: =E3 | F41: =F3 | G41: =G3 | H41: =H3 | I41: =I3 | J41: =J3 | K41: =K3 | L41: =L3 | ... AH41: =AH3 | AI41: Consumption
E42: =E4 | F42: =F4 | G42: =G4 | H42: =H4 | I42: =I4 | J42: =J4 | K42: =K4 | L42: =L4 | ... AH42: =AH4
E43: Time | F43: Time | G43: Time | H43: Time | I43: Time | J43: Time | K43: Time | L43: Time | M43: Time | N43: Time | O43: Time | P43: Time | Q43: Time | R43: Time | S43: Time | T43: Time | U43: Time | V43: Time | W43: Time | X43: Time | Y43: Time | Z43: Time | AA43: Time | AB43: Time | AC43: Time | AD43: Time | AE43: Time | AF43: Time | AG43: Time | AH43: Time
E44: 0.33333333 | F44: 0.33333333 | G44: 0.33333333 | H44: 0.33333333 | I44: 0.33333333 | J44: 0.33333333 | K44: 0.33333333 | L44: 0.33333333 | M44: 0.33333333 | N44: 0.33333333 | O44: 0.33333333 | P44: 0.33333333 | Q44: 0.33333333 | R44: 0.33333333 | S44: 0.33333333 | T44: 0.33333333 | U44: 0.33333333 | V44: 0.33333333 | W44: 0.33333333 | X44: 0.33333333 | Y44: 0.33333333 | Z44: 0.33333333 | AA44: 0.33333333 | AB44: 0.33333333 | AC44: 0.33333333 | AD44: 0.33333333 | AE44: 0.33333333 | AF44: 0.33333333 | AG44: 0.33333333 | AH44: 0.33333333
A45: 1 | B45: 3F | C45: SL No 540430038840 (EB Unit) | E45: =E7-D7 | F45: =F7-E7 | G45: =G7-F7 | H45: =H7-G7 | I45: =I7-H7 | J45: =J7-I7 | K45: =K7-J7 | L45: =L7-K7 | ... AH45: =AH7-AG7 | AI45: =SUM(E45:AH45)
C46: DG | E46: =E8-D8 | F46: =F8-E8 | G46: =G8-F8 | H46: =H8-G8 | I46: =I8-H8 | J46: =J8-I8 | K46: =K8-J8 | L46: =L8-K8 | ... AH46: =AH8-AG8 | AI46: =SUM(E46:AH46)
A47: 2 | B47: 3F | C47: SL No 540430038845 (EB Unit) | E47: =E9-D9 | F47: =F9-E9 | G47: =G9-F9 | H47: =H9-G9 | I47: =I9-H9 | J47: =J9-I9 | K47: =K9-J9 | L47: =L9-K9 | ... AH47: =AH9-AG9 | AI47: =SUM(E47:AH47)
C48: DG | E48: =E10-D10 | F48: =F10-E10 | G48: =G10-F10 | H48: =H10-G10 | I48: =I10-H10 | J48: =J10-I10 | K48: =K10-J10 | L48: =L10-K10 | ... AH48: =AH10-AG10 | AI48: =SUM(E48:AH48)
A49: 3 | B49: 3F | C49: SL No 540430038844 (EB Unit) | E49: =E11-D11 | F49: =F11-E11 | G49: =G11-F11 | H49: =H11-G11 | I49: =I11-H11 | J49: =J11-I11 | K49: =K11-J11 | L49: =L11-K11 | ... AH49: =AH11-AG11 | AI49: =SUM(E49:AH49)
C50: DG | E50: =E12-D12 | F50: =F12-E12 | G50: =G12-F12 | H50: =H12-G12 | I50: =I12-H12 | J50: =J12-I12 | K50: =K12-J12 | L50: =L12-K12 | ... AH50: =AH12-AG12 | AI50: =SUM(E50:AH50)
A51: 4 | B51: 3F | C51: SL No 540430038821 (EB Unit) | E51: =E13-D13 | F51: =F13-E13 | G51: =G13-F13 | H51: =H13-G13 | I51: =I13-H13 | J51: =J13-I13 | K51: =K13-J13 | L51: =L13-K13 | ... AH51: =AH13-AG13 | AI51: =SUM(E51:AH51)
C52: DG | E52: =E14-D14 | F52: =F14-E14 | G52: =G14-F14 | H52: =H14-G14 | I52: =I14-H14 | J52: =J14-I14 | K52: =K14-J14 | L52: =L14-K14 | ... AH52: =AH14-AG14 | AI52: =SUM(E52:AH52)
A53: 5 | B53: 3F | C53: SL No 540430038849 (EB Unit) | E53: =E15-D15 | F53: =F15-E15 | G53: =G15-F15 | H53: =H15-G15 | I53: =I15-H15 | J53: =J15-I15 | K53: =K15-J15 | L53: =L15-K15 | ... AH53: =AH15-AG15 | AI53: =SUM(E53:AH53)
C54: DG | E54: =E16-D16 | F54: =F16-E16 | G54: =G16-F16 | H54: =H16-G16 | I54: =I16-H16 | J54: =J16-I16 | K54: =K16-J16 | L54: =L16-K16 | ... AH54: =AH16-AG16 | AI54: =SUM(E54:AH54)
A55: 6 | B55: 3F | C55: SL No 540430038696 (EB Unit) | E55: =E17-D17 | F55: =F17-E17 | G55: =G17-F17 | H55: =H17-G17 | I55: =I17-H17 | J55: =J17-I17 | K55: =K17-J17 | L55: =L17-K17 | ... AH55: =AH17-AG17 | AI55: =SUM(E55:AH55) | AJ55: EB | AK55: =AI61
C56: DG | E56: =E18-D18 | F56: =F18-E18 | G56: =G18-F18 | H56: =H18-G18 | I56: =I18-H18 | J56: =J18-I18 | K56: =K18-J18 | L56: =L18-K18 | ... AH56: =AH18-AG18 | AI56: =SUM(E56:AH56) | AJ56: AHU | AK56: =AI74
A57: 7 | B57: 3F | C57: SL No 540430038843 (EB Unit) | E57: =E19-D19 | F57: =F19-E19 | G57: =G19-F19 | H57: =H19-G19 | I57: =I19-H19 | J57: =J19-I19 | K57: =K19-J19 | L57: =L19-K19 | ... AH57: =AH19-AG19 | AI57: =SUM(E57:AH57) | AJ57: BTU | AK57: =AI80/2
C58: DG | E58: =E20-D20 | F58: =F20-E20 | G58: =G20-F20 | H58: =H20-G20 | I58: =I20-H20 | J58: =J20-I20 | K58: =K20-J20 | L58: =L20-K20 | ... AH58: =AH20-AG20 | AI58: =SUM(E58:AH58) | AJ58: DG | AK58: =AI62+AI75
A59: 8 | B59: 3F | C59: SL No 540430038848 (EB Unit) | E59: =E21-D21 | F59: =F21-E21 | G59: =G21-F21 | H59: =H21-G21 | I59: =I21-H21 | J59: =J21-I21 | K59: =K21-J21 | L59: =L21-K21 | ... AH59: =AH21-AG21 | AI59: =SUM(E59:AH59)
C60: DG | E60: =E22-D22 | F60: =F22-E22 | G60: =G22-F22 | H60: =H22-G22 | I60: =I22-H22 | J60: =J22-I22 | K60: =K22-J22 | L60: =L22-K22 | ... AH60: =AH22-AG22 | AI60: =SUM(E60:AH60)
C61: Total Power - EB Unit | E61: =SUM(E59,E57,E55,E53,E51,E49,E47,E45) | F61: =SUM(F59,F57,F55,F53,F51,F49,F47,F45) | G61: =SUM(G59,G57,G55,G53,G51,G49,G47,G45) | H61: =SUM(H59,H57,H55,H53,H51,H49,H47,H45) | I61: =SUM(I59,I57,I55,I53,I51,I49,I47,I45) | J61: =SUM(J59,J57,J55,J53,J51,J49,J47,J45) | K61: =SUM(K59,K57,K55,K53,K51,K49,K47,K45) | L61: =SUM(L59,L57,L55,L53,L51,L49,L47,L45) | ... AH61: =SUM(AH59,AH57,AH55,AH53,AH51,AH49,AH47,AH45) | AI61: =SUM(E61:AH61)
C62: Total Power- DG | E62: =SUM(E46,E48,E50,E52,E54,E56,E58,E60) | F62: =SUM(F46,F48,F50,F52,F54,F56,F58,F60) | G62: =SUM(G46,G48,G50,G52,G54,G56,G58,G60) | H62: =SUM(H46,H48,H50,H52,H54,H56,H58,H60) | I62: =SUM(I46,I48,I50,I52,I54,I56,I58,I60) | J62: =SUM(J46,J48,J50,J52,J54,J56,J58,J60) | K62: =SUM(K46,K48,K50,K52,K54,K56,K58,K60) | L62: =SUM(L46,L48,L50,L52,L54,L56,L58,L60) | ... AH62: =SUM(AH46,AH48,AH50,AH52,AH54,AH56,AH58,AH60) | AI62: =SUM(E62:AH62)
C63: Total Power Cumulative | E63: =E61 | F63: =E63+F61 | G63: =F63+G61 | H63: =G63+H61 | I63: =H63+I61 | J63: =I63+J61 | K63: =J63+K61 | L63: =K63+L61 | M63: =L63+M61 | ... AH63: =AG63+AH61 | AI63: =AG63+AI61
A65: S No | B65: Location | C65: Meter
A66: 1 | B66: 3F | C66: AHU1 | E66: =E24-D24 | F66: =F24-E24 | G66: =G24-F24 | H66: =H24-G24 | I66: =I24-H24 | J66: =J24-I24 | K66: =K24-J24 | L66: =L24-K24 | ... AH66: =AH24-AG24 | AI66: =SUM(E66:AH66)
C67: DG | E67: =E25-D25 | F67: =F25-E25 | G67: =G25-F25 | H67: =H25-G25 | I67: =I25-H25 | J67: =J25-I25 | K67: =K25-J25 | L67: =L25-K25 | ... AH67: =AH25-AG25 | AI67: =SUM(E67:AH67)
A68: 2 | B68: 3F | C68: AHU2 | E68: =E26-D26 | F68: =F26-E26 | G68: =G26-F26 | H68: =H26-G26 | I68: =I26-H26 | J68: =J26-I26 | K68: =K26-J26 | L68: =L26-K26 | ... AH68: =AH26-AG26 | AI68: =SUM(E68:AH68)
C69: DG | E69: =E27-D27 | F69: =F27-E27 | G69: =G27-F27 | H69: =H27-G27 | I69: =I27-H27 | J69: =J27-I27 | K69: =K27-J27 | L69: =L27-K27 | ... AH69: =AH27-AG27 | AI69: =SUM(E69:AH69)
A70: 3 | B70: 3F | C70: AHU3 | E70: =E28-D28 | F70: =F28-E28 | G70: =G28-F28 | H70: =H28-G28 | I70: =I28-H28 | J70: =J28-I28 | K70: =K28-J28 | L70: =L28-K28 | ... AH70: =AH28-AG28 | AI70: =SUM(E70:AH70)
C71: DG | E71: =E29-D29 | F71: =F29-E29 | G71: =G29-F29 | H71: =H29-G29 | I71: =I29-H29 | J71: =J29-I29 | K71: =K29-J29 | L71: =L29-K29 | ... AH71: =AH29-AG29 | AI71: =SUM(E71:AH71)
A72: 4 | B72: 3F | C72: AHU4 | E72: =E30-D30 | F72: =F30-E30 | G72: =G30-F30 | H72: =H30-G30 | I72: =I30-H30 | J72: =J30-I30 | K72: =K30-J30 | L72: =L30-K30 | ... AH72: =AH30-AG30 | AI72: =SUM(E72:AH72)
C73: DG | E73: =E31-D31 | F73: =F31-E31 | G73: =G31-F31 | H73: =H31-G31 | I73: =I31-H31 | J73: =J31-I31 | K73: =K31-J31 | L73: =L31-K31 | ... AH73: =AH31-AG31 | AI73: =SUM(E73:AH73)
C74: Total AHU Power Consumption | E74: =SUM(E66,E68,E70,E72) | F74: =SUM(F66,F68,F70,F72) | G74: =SUM(G66,G68,G70,G72) | H74: =SUM(H66,H68,H70,H72) | I74: =SUM(I66,I68,I70,I72) | J74: =SUM(J66,J68,J70,J72) | K74: =SUM(K66,K68,K70,K72) | L74: =SUM(L66,L68,L70,L72) | ... AH74: =SUM(AH66,AH68,AH70,AH72) | AI74: =SUM(E74:AH74)
C75: Total AHU DG consumption | E75: =SUM(E67,E69,E71,E73) | F75: =SUM(F67,F69,F71,F73) | G75: =SUM(G67,G69,G71,G73) | H75: =SUM(H67,H69,H71,H73) | I75: =SUM(I67,I69,I71,I73) | J75: =SUM(J67,J69,J71,J73) | K75: =SUM(K67,K69,K71,K73) | L75: =SUM(L67,L69,L71,L73) | ... AH75: =SUM(AH67,AH69,AH71,AH73) | AI75: =SUM(E75:AH75)
A76: 1 | B76: 3F | C76: AHU1 - BTU | E76: =E33-D33 | F76: =F33-E33 | G76: =G33-F33 | H76: =H33-G33 | I76: =I33-H33 | J76: =J33-I33 | K76: =K33-J33 | L76: =L33-K33 | ... AH76: =AH33-AG33 | AI76: =SUM(E76:AH76)
A77: 2 | B77: 3F | C77: AHU2 - BTU | E77: =E34-D34 | F77: =F34-E34 | G77: =G34-F34 | H77: =H34-G34 | I77: =I34-H34 | J77: =J34-I34 | K77: =K34-J34 | L77: =L34-K34 | ... AH77: =AH34-AG34 | AI77: =SUM(E77:AH77)
A78: 3 | B78: 3F | C78: AHU3 - BTU | E78: =E35-D35 | F78: =F35-E35 | G78: =G35-F35 | H78: =H35-G35 | I78: =I35-H35 | J78: =J35-I35 | K78: =K35-J35 | L78: =L35-K35 | ... AH78: =AH35-AG35 | AI78: =SUM(E78:AH78)
A79: 4 | B79: 3F | C79: AHU4 - BTU | E79: =E36-D36 | F79: =F36-E36 | G79: =G36-F36 | H79: =H36-G36 | I79: =I36-H36 | J79: =J36-I36 | K79: =K36-J36 | L79: =L36-K36 | ... AH79: =AH36-AG36 | AI79: =SUM(E79:AH79)
C80: Total BTU Consumption | E80: =SUM(E76:E79) | F80: =SUM(F76:F79) | G80: =SUM(G76:G79) | H80: =SUM(H76:H79) | I80: =SUM(I76:I79) | J80: =SUM(J76:J79) | K80: =SUM(K76:K79) | L80: =SUM(L76:L79) | ... AI80: =SUM(AI76:AI79)

Sheet May-24
E2: May - 2024
A3: Sr.No | B3: Location | C3: Meter | D3: Previous Reading | E3: 45413 | F3: 45414 | G3: 45415 | H3: 45416 | I3: 45417 | J3: 45418 | K3: 45419 | L3: 45420 | M3: 45421 | N3: 45422 | O3: 45423 | P3: 45424 | Q3: 45425 | R3: 45426 | S3: 45427 | T3: 45428 | U3: 45429 | V3: 45430 | W3: 45431 | X3: 45432 | Y3: 45433 | Z3: 45434 | AA3: 45435 | AB3: 45436 | AC3: 45437 | AD3: 45438 | AE3: 45439 | AF3: 45440 | AG3: 45441 | AH3: 45442 | AI3: 45443 | AJ3: Consumption
E4: Thu | F4: Fri | G4: Sat | H4: Sun | I4: Mon | J4: Tue | K4: Wed | L4: Thu | M4: Fri | N4: Sat | O4: Sun | P4: Mon | Q4: Tue | R4: Wed | S4: Thu | T4: Fri | U4: Sat | V4: Sun | W4: Mon | X4: Tue | Y4: Wed | Z4: Thu | AA4: Fri | AB4: Sat | AC4: Sun | AD4: Mon | AE4: Tue | AF4: Wed | AG4: Thu | AH4: Fri | AI4: Sat
E5: Time | F5: Time | G5: Time | H5: Time | I5: Time | J5: Time | K5: Time | L5: Time | M5: Time | N5: Time | O5: Time | P5: Time | Q5: Time | R5: Time | S5: Time | T5: Time | U5: Time | V5: Time | W5: Time | X5: Time | Y5: Time | Z5: Time | AA5: Time | AB5: Time | AC5: Time | AD5: Time | AE5: Time | AF5: Time | AG5: Time | AH5: Time | AI5: Time
E6: 0.33333333 | F6: 0.33333333 | G6: 0.33333333 | H6: 0.33333333 | I6: 0.33333333 | J6: =#REF!=AN73 | K6: 0.33333333 | L6: 0.33333333 | M6: 0.33333333 | N6: 0.33333333 | O6: 0.33333333 | P6: 0.33333333 | Q6: 0.33333333 | R6: 0.33333333 | S6: 0.33333333 | T6: 0.33333333 | U6: 0.33333333 | V6: 0.33333333 | W6: 0.33333333 | X6: 0.33333333 | Y6: 0.33333333 | Z6: 0.33333333 | AA6: 0.33333333 | AB6: 0.33333333 | AC6: 0.33333333 | AD6: 0.33333333 | AE6: 0.33333333 | AF6: 0.33333333 | AG6: 0.33333333 | AH6: 0.33333333 | AI6: 0.33333333
A7: 1 | B7: 3F | C7: SL No 540430038840 (EB Unit) | D7: 20652 | E7: 21014 | F7: 21267 | G7: 21509 | H7: 21714 | I7: 21934 | J7: 22136 | K7: 22375 | L7: 22572 | M7: 22809 | N7: 23008 | O7: 23204 | P7: 23430 | Q7: 23596 | R7: 23844 | S7: 24100 | T7: 24354 | U7: 24495 | V7: 24682 | W7: 24968 | X7: 25142 | Y7: 25402 | Z7: 25630 | AA7: 25817 | AB7: 26049 | AC7: 26251 | AD7: 26443 | AE7: 26672 | AF7: 26889 | AG7: 27095 | AH7: 27328 | AI7: 27418 | AJ7: =AI7-D7
C8: DG | D8: 328 | E8: 328 | F8: 328 | G8: 328 | H8: 328 | I8: 328 | J8: 369 | K8: 382 | L8: 455 | M8: 455 | N8: 505 | O8: 518 | P8: 518 | Q8: 599 | R8: 613 | S8: 613 | T8: 613 | U8: 700 | V8: 700 | W8: 727 | X8: 798 | Y8: 798 | Z8: 798 | AA8: 864 | AB8: 880 | AC8: 882 | AD8: 889 | AE8: 915 | AF8: 955 | AG8: 999 | AH8: 1025 | AI8: 1040 | AJ8: =AI8-D8
A9: 2 | B9: 3F | C9: SL No 540430038845 (EB Unit) | D9: 1956 | E9: 1956 | F9: 1956 | G9: 1956 | H9: 1956 | I9: 1956 | J9: 1956 | K9: 1956 | L9: 1956 | M9: 1956 | N9: 1956 | O9: 1956 | P9: 1956 | Q9: 1956 | R9: 1956 | S9: 1956 | T9: 1956 | U9: 1956 | V9: 1956 | W9: 1956 | X9: 1956 | Y9: 1956 | Z9: 1956 | AA9: 1956 | AB9: 1956 | AC9: 1956 | AD9: 1956 | AE9: 1956 | AF9: 1956 | AG9: 1956 | AH9: 1956 | AI9: 1956 | AJ9: =AI9-D9
C10: DG | D10: 28 | E10: 28 | F10: 28 | G10: 28 | H10: 28 | I10: 28 | J10: 28 | K10: 28 | L10: 28 | M10: 28 | N10: 28 | O10: 28 | P10: 28 | Q10: 28 | R10: 28 | S10: 28 | T10: 28 | U10: 28 | V10: 28 | W10: 28 | X10: 28 | Y10: 28 | Z10: 28 | AA10: 28 | AB10: 28 | AC10: 28 | AD10: 28 | AE10: 28 | AF10: 28 | AG10: 28 | AH10: 28 | AI10: 28 | AJ10: =AI10-D10
A11: 3 | B11: 3F | C11: SL No 540430038844 (EB Unit) | D11: 36049 | E11: 36569 | F11: 36928 | G11: 37268 | H11: 37536 | I11: 37819 | J11: 38104 | K11: 38443 | L11: 38717 | M11: 39054 | N11: 39326 | O11: 39382 | P11: 39877 | Q11: 40110 | R11: 40457 | S11: 40827 | T11: 41189 | U11: 41374 | V11: 41653 | W11: 41899 | X11: 42140 | Y11: 42499 | Z11: 42821 | AA11: 43077 | AB11: 43396 | AC11: 43656 | AD11: 43897 | AE11: 44220 | AF11: 44524 | AG11: 44805 | AH11: 45128 | AI11: 45249 | AJ11: =AI11-D11
C12: DG | D12: 588 | E12: 588 | F12: 588 | G12: 588 | H12: 588 | I12: 588 | J12: 651 | K12: 671 | L12: 781 | M12: 781 | N12: 856 | O12: 873 | P12: 873 | Q12: 997 | R12: 1017 | S12: 1017 | T12: 1017 | U12: 1158 | V12: 1158 | W12: 1182 | X12: 1286 | Y12: 1286 | Z12: 1286 | AA12: 1885 | AB12: 1409 | AC12: 1411 | AD12: 1420 | AE12: 1461 | AF12: 1523 | AG12: 1588 | AH12: 1627 | AI12: 1649 | AJ12: =AI12-D12
A13: 4 | B13: 3F | C13: SL No 540430038821 (EB Unit) | D13: 0 | E13: 0 | F13: 0 | G13: 0 | H13: 0 | I13: 0 | J13: 0 | K13: 0 | L13: 0 | M13: 0 | N13: 0 | O13: 0 | P13: 0 | Q13: 0 | R13: 0 | S13: 0 | T13: 0 | U13: 0 | V13: 0 | W13: 0 | X13: 0 | Y13: 0 | Z13: 0 | AA13: 0 | AB13: 0 | AC13: 0 | AD13: 0 | AE13: 0 | AF13: 0 | AG13: 0 | AH13: 0 | AI13: 0 | AJ13: =AI13-D13
C14: DG | D14: 0 | E14: 0 | F14: 0 | G14: 0 | H14: 0 | I14: 0 | J14: 0 | K14: 0 | L14: 0 | M14: 0 | N14: 0 | O14: 0 | P14: 0 | Q14: 0 | R14: 0 | S14: 0 | T14: 0 | U14: 0 | V14: 0 | W14: 0 | X14: 0 | Y14: 0 | Z14: 0 | AA14: 0 | AB14: 0 | AC14: 0 | AD14: 0 | AE14: 0 | AF14: 0 | AG14: 0 | AH14: 0 | AI14: 0 | AJ14: =AI14-D14
A15: 5 | B15: 3F | C15: SL No 540430038849 (EB Unit) | D15: 11588 | E15: 11830 | F15: 11992 | G15: 12152 | H15: 12247 | I15: 12341 | J15: 12478 | K15: 12640 | L15: 12758 | M15: 12919 | N15: 13043 | O15: 13141 | P15: 13253 | Q15: 13364 | R15: 13533 | S15: 13708 | T15: 13887 | U15: 13969 | V15: 14074 | W15: 14183 | X15: 14304 | Y15: 14491 | Z15: 14655 | AA15: 14790 | AB15: 14957 | AC15: 15079 | AD15: 15195 | AE15: 15366 | AF15: 15528 | AG15: 15675 | AH15: 15845 | AI15: 15905 | AJ15: =AI15-D15
C16: DG | D16: 196 | E16: 196 | F16: 196 | G16: 196 | H16: 196 | I16: 196 | J16: 225 | K16: 237 | L16: 291 | M16: 291 | N16: 326 | O16: 332 | P16: 332 | Q16: 395 | R16: 404 | S16: 404 | T16: 404 | U16: 482 | V16: 482 | W16: 492 | X16: 543 | Y16: 543 | Z16: 543 | AA16: 600 | AB16: 613 | AC16: 614 | AD16: 619 | AE16: 641 | AF16: 674 | AG16: 713 | AH16: 734 | AI16: 746 | AJ16: =AI16-D16
A17: 6 | B17: 3F | C17: SL No 540430038696 (EB Unit) | D17: 19531 | E17: 19954 | F17: 20225 | G17: 20489 | H17: 20660 | I17: 20844 | J17: 21069 | K17: 21335 | L17: 21521 | M17: 21728 | N17: 21896 | O17: 22015 | P17: 22167 | Q17: 22338 | R17: 22615 | S17: 22899 | T17: 23186 | U17: 23327 | V17: 23527 | W17: 23699 | X17: 23908 | Y17: 24186 | Z17: 24418 | AA17: 24591 | AB17: 24803 | AC17: 24944 | AD17: 25085 | AE17: 25335 | AF17: 25563 | AG17: 25780 | AH17: 26023 | AI17: 26115 | AJ17: =AI17-D17
C18: DG | D18: 353 | E18: 353 | F18: 353 | G18: 353 | H18: 353 | I18: 353 | J18: 402 | K18: 417 | L18: 492 | M18: 492 | N18: 559 | O18: 564 | P18: 564 | Q18: 659 | R18: 673 | S18: 673 | T18: 673 | U18: 807 | V18: 807 | W18: 825 | X18: 916 | Y18: 916 | Z18: 916 | AA18: 891 | AB18: 1011 | AC18: 1011 | AD18: 1016 | AE18: 1045 | AF18: 1085 | AG18: 1150 | AH18: 1185 | AI18: 1209 | AJ18: =AI18-D18
A19: 7 | B19: 3F | C19: SL No 540430038843 (EB Unit) | D19: 75336 | E19: 76453 | F19: 77223 | G19: 77941 | H19: 78535 | I19: 79195 | J19: 79781 | K19: 80472 | L19: 81019 | M19: 81713 | N19: 82317 | O19: 82909 | P19: 83577 | Q19: 84046 | R19: 84747 | S19: 85477 | T19: 86207 | U19: 86599 | V19: 87217 | W19: 87733 | X19: 88230 | Y19: 88988 | Z19: 89665 | AA19: 90201 | AB19: 90898 | AC19: 91441 | AD19: 91754 | AE19: 92396 | AF19: 93063 | AG19: 93673 | AH19: 94361 | AI19: 94630 | AJ19: =AI19-D19
C20: DG | D20: 1226 | E20: 1226 | F20: 1226 | G20: 1226 | H20: 1226 | I20: 1226 | J20: 1350 | K20: 1366 | L20: 1590 | M20: 1590 | N20: 1741 | O20: 1778 | P20: 1778 | Q20: 2018 | R20: 2048 | S20: 2048 | T20: 2048 | U20: 2340 | V20: 2340 | W20: 2390 | X20: 2581 | Y20: 2581 | Z20: 2581 | AA20: 2792 | AB20: 2844 | AC20: 2848 | AD20: 2859 | AE20: 2934 | AF20: 3042 | AG20: 3170 | AH20: 3251 | AI20: 3299 | AJ20: =AI20-D20
A21: 8 | B21: 3F | C21: SL No 540430038848 (EB Unit) | D21: 17963 | E21: 18048 | F21: 18105 | G21: 18160 | H21: 18203 | I21: 18257 | J21: 18308 | K21: 18364 | L21: 18415 | M21: 18521 | N21: 18600 | O21: 18702 | P21: 18797 | Q21: 18874 | R21: 18939 | S21: 19005 | T21: 19076 | U21: 19116 | V21: 19201 | W21: 19292 | X21: 19366 | Y21: 19515 | Z21: 19662 | AA21: 19754 | AB21: 19907 | AC21: 20039 | AD21: 20174 | AE21: 20315 | AF21: 20466 | AG21: 20554 | AH21: 20659 | AI21: 20693 | AJ21: =AI21-D21
C22: DG | D22: 269 | E22: 269 | F22: 269 | G22: 269 | H22: 269 | I22: 269 | J22: 277 | K22: 282 | L22: 306 | M22: 306 | N22: 321 | O22: 330 | P22: 330 | Q22: 361 | R22: 364 | S22: 364 | T22: 364 | U22: 405 | V22: 405 | W22: 414 | X22: 440 | Y22: 440 | Z22: 440 | AA22: 431 | AB22: 498 | AC22: 498 | AD22: 504 | AE22: 526 | AF22: 551 | AG22: 572 | AH22: 580 | AI22: 585 | AJ22: =AI22-D22
A24: 1 | B24: 3F | C24: AHU1 | D24: 7266 | E24: 7368 | F24: 7437 | G24: 7504 | H24: 7531 | I24: 7531 | J24: 7585 | K24: 7648 | L24: 7684 | M24: 7753 | N24: 7780 | O24: 7821 | P24: 7821 | Q24: 7867 | R24: 7966 | S24: 8069 | T24: 8164 | U24: 8184 | V24: 8242 | W24: 8242 | X24: 8317 | Y24: 8411 | Z24: 8497 | AA24: 8543 | AB24: 8622 | AC24: 8622 | AD24: 8622 | AE24: 8726 | AF24: 8812 | AG24: 8884 | AH24: 8982 | AI24: 9012 | AJ24: =AI24-D24
C25: DG | D25: 184 | E25: 184 | F25: 184 | G25: 184 | H25: 184 | I25: 184 | J25: 195 | K25: 200 | L25: 229 | M25: 229 | N25: 247 | O25: 249 | P25: 249 | Q25: 299 | R25: 305 | S25: 305 | T25: 305 | U25: 363 | V25: 363 | W25: 363 | X25: 398 | Y25: 398 | Z25: 398 | AA25: 443 | AB25: 454 | AC25: 454 | AD25: 454 | AE25: 472 | AF25: 496 | AG25: 524 | AH25: 543 | AI25: 555 | AJ25: =AI25-D25
A26: 2 | B26: 3F | C26: AHU2 | D26: 6581 | E26: 6675 | F26: 6754 | G26: 6820 | H26: 6845 | I26: 6845 | J26: 6898 | K26: 6961 | L26: 6997 | M26: 7066 | N26: 7100 | O26: 7132 | P26: 7132 | Q26: 7181 | R26: 7273 | S26: 7367 | T26: 7453 | U26: 7486 | V26: 7529 | W26: 7529 | X26: 7608 | Y26: 7693 | Z26: 7778 | AA26: 7824 | AB26: 7900 | AC26: 7900 | AD26: 7900 | AE26: 7999 | AF26: 8089 | AG26: 8165 | AH26: 8263 | AI26: 8291 | AJ26: =AI26-D26
C27: DG | D27: 194 | E27: 194 | F27: 194 | G27: 194 | H27: 194 | I27: 194 | J27: 206 | K27: 211 | L27: 239 | M27: 239 | N27: 255 | O27: 257 | P27: 257 | Q27: 317 | R27: 321 | S27: 321 | T27: 321 | U27: 369 | V27: 369 | W27: 369 | X27: 402 | Y27: 402 | Z27: 402 | AA27: 437 | AB27: 447 | AC27: 447 | AD27: 447 | AE27: 463 | AF27: 488 | AG27: 517 | AH27: 544 | AI27: 557 | AJ27: =AI27-D27
A28: 3 | B28: 3F | C28: AHU3 | D28: 4607 | E28: 4713 | F28: 4807 | G28: 4901 | H28: 4938 | I28: 4938 | J28: 5000 | K28: 5060 | L28: 5095 | M28: 5164 | N28: 5187 | O28: 5227 | P28: 5227 | Q28: 5278 | R28: 5379 | S28: 5478 | T28: 5581 | U28: 5603 | V28: 5641 | W28: 5641 | X28: 5705 | Y28: 5805 | Z28: 5909 | AA28: 5951 | AB28: 6040 | AC28: 6040 | AD28: 6040 | AE28: 6139 | AF28: 6226 | AG28: 6301 | AH28: 6403 | AI28: 6422 | AJ28: =AI28-D28
C29: DG | D29: 140 | E29: 140 | F29: 140 | G29: 140 | H29: 140 | I29: 140 | J29: 152 | K29: 156 | L29: 183 | M29: 183 | N29: 198 | O29: 199 | P29: 199 | Q29: 258 | R29: 264 | S29: 264 | T29: 264 | U29: 324 | V29: 324 | W29: 324 | X29: 356 | Y29: 356 | Z29: 356 | AA29: 395 | AB29: 407 | AC29: 407 | AD29: 407 | AE29: 425 | AF29: 450 | AG29: 481 | AH29: 501 | AI29: 513 | AJ29: =AI29-D29
A30: 4 | B30: 3F | C30: AHU4 | D30: 4928 | E30: 5053 | F30: 5136 | G30: 5217 | H30: 5248 | I30: 5248 | J30: 5316 | K30: 5388 | L30: 5430 | M30: 5515 | N30: 5553 | O30: 5590 | P30: 5590 | Q30: 5628 | R30: 5683 | S30: 5753 | T30: 5834 | U30: 5863 | V30: 5908 | W30: 5908 | X30: 5968 | Y30: 6050 | Z30: 6134 | AA30: 6176 | AB30: 6234 | AC30: 6234 | AD30: 6235 | AE30: 6315 | AF30: 6389 | AG30: 6445 | AH30: 6525 | AI30: 6551 | AJ30: =AI30-D30
C31: DG | D31: 127 | E31: 127 | F31: 127 | G31: 127 | H31: 127 | I31: 127 | J31: 140 | K31: 146 | L31: 179 | M31: 179 | N31: 197 | O31: 199 | P31: 199 | Q31: 237 | R31: 240 | S31: 240 | T31: 240 | U31: 290 | V31: 290 | W31: 290 | X31: 320 | Y31: 320 | Z31: 320 | AA31: 358 | AB31: 363 | AC31: 363 | AD31: 363 | AE31: 378 | AF31: 400 | AG31: 424 | AH31: 441 | AI31: 451 | AJ31: =AI31-D31
A33: 1 | B33: 3F | C33: AHU1 - BTU | D33: 39808.33 | E33: 40784.95 | F33: 41523.35 | G33: 42144.42 | H33: 42515.66 | I33: 42515.66 | J33: 43641.97 | K33: 44516.37 | L33: 45377.14 | M33: 46379.68 | N33: 47271.64 | O33: 47689.75 | P33: 47689.75 | Q33: 48882.43 | R33: 49887.7 | S33: 50839.03 | T33: 51761.8 | U33: 52601.28 | V33: 53049.22 | W33: 53049.22 | X33: 54218.4 | Y33: 55235.63 | Z33: 56227.29 | AA33: 57193.07 | AB33: 58087.18 | AC33: 58087.18 | AD33: 58087.18 | AE33: 59613.06 | AF33: 60665.69 | AG33: 61550.68 | AH33: 62364.23 | AI33: 62776 | AJ33: =AI33-D33
A34: 2 | B34: 3F | C34: AHU2 - BTU | D34: 39039.43 | E34: 40011.29 | F34: 40707.58 | G34: 41355.74 | H34: 41673.19 | I34: 41673.19 | J34: 42584.56 | K34: 43444.33 | L34: 44406.91 | M34: 45373.01 | N34: 46278.07 | O34: 46702.92 | P34: 46702.92 | Q34: 47791.44 | R34: 48823.62 | S34: 49685.21 | T34: 50511.93 | U34: 51384.4 | V34: 51844.09 | W34: 51844.09 | X34: 53106.22 | Y34: 54088.33 | Z34: 55133.66 | AA34: 56040.25 | AB34: 57035.63 | AC34: 57035.63 | AD34: 57035.63 | AE34: 58367.6 | AF34: 59509.96 | AG34: 60564.32 | AH34: 61617.73 | AI34: 62028 | AJ34: =AI34-D34
A35: 3 | B35: 3F | C35: AHU3 - BTU | D35: 34466.31 | E35: 35393.85 | F35: 36282.87 | G35: 36977.18 | H35: 37332.32 | I35: 37332.32 | J35: 38473.21 | K35: 39518.46 | L35: 40611.79 | M35: 41664.29 | N35: 42556.38 | O35: 42981.82 | P35: 42981.82 | Q35: 44183.84 | R35: 45360.7 | S35: 46420.36 | T35: 47396.84 | U35: 48367.81 | V35: 48970.9 | W35: 48970.9 | X35: 50278.82 | Y35: 51264.83 | Z35: 52289.15 | AA35: 53158.33 | AB35: 54071.12 | AC35: 54071.12 | AD35: 54071.12 | AE35: 55480.6 | AF35: 56735.68 | AG35: 57867.99 | AH35: 59125.33 | AI35: 59574 | AJ35: =AI35-D35
A36: 4 | B36: 3F | C36: AHU4 - BTU | D36: 48593.12 | E36: 49926.47 | F36: 50835.05 | G36: 51496.28 | H36: 51944.19 | I36: 51944.19 | J36: 53331.66 | K36: 54608.03 | L36: 55899.29 | M36: 57002.08 | N36: 58195.11 | O36: 58725.28 | P36: 58725.28 | Q36: 60242.6 | R36: 61701.04 | S36: 63006.1 | T36: 64142.44 | U36: 65039.01 | V36: 65593.76 | W36: 65593.76 | X36: 67007.79 | Y36: 68291.96 | Z36: 69574.21 | AA36: 70699.45 | AB36: 71782.99 | AC36: 71782.99 | AD36: 71782.99 | AE36: 73417.79 | AF36: 74799.6 | AG36: 75826.22 | AH36: 76962.14 | AI36: 77455 | AJ36: =AI36-D36
B39: Daily Energy Report
B40: Electricity Consumption
A41: Sr.No | B41: Location | C41: Meter | E41: =E3 | F41: =F3 | G41: =G3 | H41: =H3 | I41: =I3 | J41: =J3 | K41: =K3 | L41: =L3 | ... AI41: =AI3 | AJ41: Consumption
E42: =E4 | F42: =F4 | G42: =G4 | H42: =H4 | I42: =I4 | J42: =J4 | K42: =K4 | L42: =L4 | ... AI42: =AI4
E43: Time | F43: Time | G43: Time | H43: Time | I43: Time | J43: Time | K43: Time | L43: Time | M43: Time | N43: Time | O43: Time | P43: Time | Q43: Time | R43: Time | S43: Time | T43: Time | U43: Time | V43: Time | W43: Time | X43: Time | Y43: Time | Z43: Time | AA43: Time | AB43: Time | AC43: Time | AD43: Time | AE43: Time | AF43: Time | AG43: Time | AH43: Time | AI43: Time
E44: 0.33333333 | F44: 0.33333333 | G44: 0.33333333 | H44: 0.33333333 | I44: 0.33333333 | J44: 0.33333333 | K44: 0.33333333 | L44: 0.33333333 | M44: 0.33333333 | N44: 0.33333333 | O44: 0.33333333 | P44: 0.33333333 | Q44: 0.33333333 | R44: 0.33333333 | S44: 0.33333333 | T44: 0.33333333 | U44: 0.33333333 | V44: 0.33333333 | W44: 0.33333333 | X44: 0.33333333 | Y44: 0.33333333 | Z44: 0.33333333 | AA44: 0.33333333 | AB44: 0.33333333 | AC44: 0.33333333 | AD44: 0.33333333 | AE44: 0.33333333 | AF44: 0.33333333 | AG44: 0.33333333 | AH44: 0.33333333 | AI44: 0.33333333
A45: 1 | B45: 3F | C45: SL No 540430038840 (EB Unit) | E45: =E7-D7 | F45: =F7-E7 | G45: =G7-F7 | H45: =H7-G7 | I45: =I7-H7 | J45: =J7-I7 | K45: =K7-J7 | L45: =L7-K7 | ... AI45: =AI7-AH7 | AJ45: =SUM(E45:AI45)
C46: DG | E46: =E8-D8 | F46: =F8-E8 | G46: =G8-F8 | H46: =H8-G8 | I46: =I8-H8 | J46: =J8-I8 | K46: =K8-J8 | L46: =L8-K8 | ... AI46: =AI8-AH8 | AJ46: =SUM(E46:AI46)
A47: 2 | B47: 3F | C47: SL No 540430038845 (EB Unit) | E47: =E9-D9 | F47: =F9-E9 | G47: =G9-F9 | H47: =H9-G9 | I47: =I9-H9 | J47: =J9-I9 | K47: =K9-J9 | L47: =L9-K9 | ... AI47: =AI9-AH9 | AJ47: =SUM(E47:AI47)
C48: DG | E48: =E10-D10 | F48: =F10-E10 | G48: =G10-F10 | H48: =H10-G10 | I48: =I10-H10 | J48: =J10-I10 | K48: =K10-J10 | L48: =L10-K10 | ... AI48: =AI10-AH10 | AJ48: =SUM(E48:AI48)
A49: 3 | B49: 3F | C49: SL No 540430038844 (EB Unit) | E49: =E11-D11 | F49: =F11-E11 | G49: =G11-F11 | H49: =H11-G11 | I49: =I11-H11 | J49: =J11-I11 | K49: =K11-J11 | L49: =L11-K11 | ... AI49: =AI11-AH11 | AJ49: =SUM(E49:AI49)
C50: DG | E50: =E12-D12 | F50: =F12-E12 | G50: =G12-F12 | H50: =H12-G12 | I50: =I12-H12 | J50: =J12-I12 | K50: =K12-J12 | L50: =L12-K12 | ... AI50: =AI12-AH12 | AJ50: =SUM(E50:AI50)
A51: 4 | B51: 3F | C51: SL No 540430038821 (EB Unit) | E51: =E13-D13 | F51: =F13-E13 | G51: =G13-F13 | H51: =H13-G13 | I51: =I13-H13 | J51: =J13-I13 | K51: =K13-J13 | L51: =L13-K13 | ... AI51: =AI13-AH13 | AJ51: =SUM(E51:AI51)
C52: DG | E52: =E14-D14 | F52: =F14-E14 | G52: =G14-F14 | H52: =H14-G14 | I52: =I14-H14 | J52: =J14-I14 | K52: =K14-J14 | L52: =L14-K14 | ... AI52: =AI14-AH14 | AJ52: =SUM(E52:AI52)
A53: 5 | B53: 3F | C53: SL No 540430038849 (EB Unit) | E53: =E15-D15 | F53: =F15-E15 | G53: =G15-F15 | H53: =H15-G15 | I53: =I15-H15 | J53: =J15-I15 | K53: =K15-J15 | L53: =L15-K15 | ... AI53: =AI15-AH15 | AJ53: =SUM(E53:AI53)
C54: DG | E54: =E16-D16 | F54: =F16-E16 | G54: =G16-F16 | H54: =H16-G16 | I54: =I16-H16 | J54: =J16-I16 | K54: =K16-J16 | L54: =L16-K16 | ... AI54: =AI16-AH16 | AJ54: =SUM(E54:AI54)
A55: 6 | B55: 3F | C55: SL No 540430038696 (EB Unit) | E55: =E17-D17 | F55: =F17-E17 | G55: =G17-F17 | H55: =H17-G17 | I55: =I17-H17 | J55: =J17-I17 | K55: =K17-J17 | L55: =L17-K17 | ... AI55: =AI17-AH17 | AJ55: =SUM(E55:AI55)
C56: DG | E56: =E18-D18 | F56: =F18-E18 | G56: =G18-F18 | H56: =H18-G18 | I56: =I18-H18 | J56: =J18-I18 | K56: =K18-J18 | L56: =L18-K18 | ... AI56: =AI18-AH18 | AJ56: =SUM(E56:AI56)
A57: 7 | B57: 3F | C57: SL No 540430038843 (EB Unit) | E57: =E19-D19 | F57: =F19-E19 | G57: =G19-F19 | H57: =H19-G19 | I57: =I19-H19 | J57: =J19-I19 | K57: =K19-J19 | L57: =L19-K19 | ... AI57: =AI19-AH19 | AJ57: =SUM(E57:AI57)
C58: DG | E58: =E20-D20 | F58: =F20-E20 | G58: =G20-F20 | H58: =H20-G20 | I58: =I20-H20 | J58: =J20-I20 | K58: =K20-J20 | L58: =L20-K20 | ... AI58: =AI20-AH20 | AJ58: =SUM(E58:AI58)
A59: 8 | B59: 3F | C59: SL No 540430038848 (EB Unit) | E59: =E21-D21 | F59: =F21-E21 | G59: =G21-F21 | H59: =H21-G21 | I59: =I21-H21 | J59: =J21-I21 | K59: =K21-J21 | L59: =L21-K21 | ... AI59: =AI21-AH21 | AJ59: =SUM(E59:AI59)
C60: DG | E60: =J22-D22 | F60: =F22-J22 | G60: =G22-F22 | H60: =H22-G22 | I60: =I22-H22 | J60: =#REF!-I22 | K60: =K22-#REF! | L60: =L22-K22 | M60: =M22-L22 | N60: =N22-M22 | O60: =O22-N22 | P60: =P22-O22 | Q60: =Q22-P22 | R60: =R22-Q22 | S60: =S22-R22 | ... AI60: =AI22-AH22 | AJ60: =SUM(E60:AI60)
C61: Total Power - EB Unit | E61: =SUM(E59,E57,E55,E53,E51,E49,E47,E45) | F61: =SUM(F59,F57,F55,F53,F51,F49,F47,F45) | G61: =SUM(G59,G57,G55,G53,G51,G49,G47,G45) | H61: =SUM(H59,H57,H55,H53,H51,H49,H47,H45) | I61: =SUM(I59,I57,I55,I53,I51,I49,I47,I45) | J61: =SUM(J59,J57,J55,J53,J51,J49,J47,J45) | K61: =SUM(K59,K57,K55,K53,K51,K49,K47,K45) | L61: =SUM(L59,L57,L55,L53,L51,L49,L47,L45) | ... AI61: =SUM(AI59,AI57,AI55,AI53,AI51,AI49,AI47,AI45) | AJ61: =SUM(E61:AI61) | AK61: EB | AL61: =AJ61
C62: Total Power- DG | E62: =SUM(E46,E48,E50,E52,E54,E56,E58,E60) | F62: =SUM(F46,F48,F50,F52,F54,F56,F58,F60) | G62: =SUM(G46,G48,G50,G52,G54,G56,G58,G60) | H62: =SUM(H46,H48,H50,H52,H54,H56,H58,H60) | I62: =SUM(I46,I48,I50,I52,I54,I56,I58,I60) | J62: =SUM(J46,J48,J50,J52,J54,J56,J58,J60) | K62: =SUM(K46,K48,K50,K52,K54,K56,K58,K60) | L62: =SUM(L46,L48,L50,L52,L54,L56,L58,L60) | ... AI62: =SUM(AI46,AI48,AI50,AI52,AI54,AI56,AI58,AI60) | AJ62: =SUM(E62:AI62) | AK62: AHU | AL62: =AJ74
C63: Total Power Cumulative | E63: =E61 | F63: =E63+F61 | G63: =F63+G61 | H63: =G63+H61 | I63: =H63+I61 | J63: =I63+J61 | K63: =J63+K61 | L63: =K63+L61 | M63: =L63+M61 | ... AI63: =AH63+AI61 | AJ63: =AG63+AJ61 | AK63: BTU | AL63: =AJ80*40%
AK64: DG | AL64: =AJ62+AJ75
A65: S No | B65: Location | C65: Meter
A66: 1 | B66: 3F | C66: AHU1 | E66: =E24-D24 | F66: =F24-E24 | G66: =G24-F24 | H66: =H24-G24 | I66: =I24-H24 | J66: =J24-I24 | K66: =K24-J24 | L66: =L24-K24 | ... AI66: =AI24-AH24 | AJ66: =SUM(E66:AI66)
C67: DG | E67: =E25-D25 | F67: =F25-E25 | G67: =G25-F25 | H67: =H25-G25 | I67: =I25-H25 | J67: =J25-I25 | K67: =K25-J25 | L67: =L25-K25 | ... AI67: =AI25-AH25 | AJ67: =SUM(E67:AI67)
A68: 2 | B68: 3F | C68: AHU2 | E68: =E26-D26 | F68: =F26-E26 | G68: =G26-F26 | H68: =H26-G26 | I68: =I26-H26 | J68: =J26-I26 | K68: =K26-J26 | L68: =L26-K26 | ... AI68: =AI26-AH26 | AJ68: =SUM(E68:AI68)
C69: DG | E69: =E27-D27 | F69: =F27-E27 | G69: =G27-F27 | H69: =H27-G27 | I69: =I27-H27 | J69: =J27-I27 | K69: =K27-J27 | L69: =L27-K27 | ... AI69: =AI27-AH27 | AJ69: =SUM(E69:AI69)
A70: 3 | B70: 3F | C70: AHU3 | E70: =E28-D28 | F70: =F28-E28 | G70: =G28-F28 | H70: =H28-G28 | I70: =I28-H28 | J70: =J28-I28 | K70: =K28-J28 | L70: =L28-K28 | ... AI70: =AI28-AH28 | AJ70: =SUM(E70:AI70)
C71: DG | E71: =E29-D29 | F71: =F29-E29 | G71: =G29-F29 | H71: =H29-G29 | I71: =I29-H29 | J71: =J29-I29 | K71: =K29-J29 | L71: =L29-K29 | ... AI71: =AI29-AH29 | AJ71: =SUM(E71:AI71)
A72: 4 | B72: 3F | C72: AHU4 | E72: =E30-D30 | F72: =F30-E30 | G72: =G30-F30 | H72: =H30-G30 | I72: =I30-H30 | J72: =J30-I30 | K72: =K30-J30 | L72: =L30-K30 | ... AI72: =AI30-AH30 | AJ72: =SUM(E72:AI72)
C73: DG | E73: =E31-D31 | F73: =F31-E31 | G73: =G31-F31 | H73: =H31-G31 | I73: =I31-H31 | J73: =J31-I31 | K73: =K31-J31 | L73: =L31-K31 | ... AI73: =AI31-AH31 | AJ73: =SUM(E73:AI73)
C74: Total AHU Power Consumption | E74: =SUM(E66,E68,E70,E72) | F74: =SUM(F66,F68,F70,F72) | G74: =SUM(G66,G68,G70,G72) | H74: =SUM(H66,H68,H70,H72) | I74: =SUM(I66,I68,I70,I72) | J74: =SUM(J66,J68,J70,J72) | K74: =SUM(K66,K68,K70,K72) | L74: =SUM(L66,L68,L70,L72) | ... AI74: =SUM(AI66,AI68,AI70,AI72) | AJ74: =SUM(E74:AI74)
C75: Total AHU DG consumption | E75: =SUM(E67,E69,E71,E73) | F75: =SUM(F67,F69,F71,F73) | G75: =SUM(G67,G69,G71,G73) | H75: =SUM(H67,H69,H71,H73) | I75: =SUM(I67,I69,I71,I73) | J75: =SUM(J67,J69,J71,J73) | K75: =SUM(K67,K69,K71,K73) | L75: =SUM(L67,L69,L71,L73) | ... AI75: =SUM(AI67,AI69,AI71,AI73) | AJ75: =SUM(E75:AI75)
A76: 1 | B76: 3F | C76: AHU1 - BTU | E76: =E33-D33 | F76: =F33-E33 | G76: =G33-F33 | H76: =H33-G33 | I76: =I33-H33 | J76: =J33-I33 | K76: =K33-J33 | L76: =L33-K33 | ... AI76: =AI33-AH33 | AJ76: =SUM(E76:AI76)
A77: 2 | B77: 3F | C77: AHU2 - BTU | E77: =E34-D34 | F77: =F34-E34 | G77: =G34-F34 | H77: =H34-G34 | I77: =I34-H34 | J77: =J34-I34 | K77: =K34-J34 | L77: =L34-K34 | ... AI77: =AI34-AH34 | AJ77: =SUM(E77:AI77)
A78: 3 | B78: 3F | C78: AHU3 - BTU | E78: =E35-D35 | F78: =F35-E35 | G78: =G35-F35 | H78: =H35-G35 | I78: =I35-H35 | J78: =J35-I35 | K78: =K35-J35 | L78: =L35-K35 | ... AI78: =AI35-AH35 | AJ78: =SUM(E78:AI78)
A79: 4 | B79: 3F | C79: AHU4 - BTU | E79: =E36-D36 | F79: =F36-E36 | G79: =G36-F36 | H79: =H36-G36 | I79: =I36-H36 | J79: =J36-I36 | K79: =K36-J36 | L79: =L36-K36 | ... AI79: =AI36-AH36 | AJ79: =SUM(E79:AI79)
C80: Total BTU Consumption | E80: =SUM(E76:E79) | F80: =SUM(F76:F79) | G80: =SUM(G76:G79) | H80: =SUM(H76:H79) | I80: =SUM(I76:I79) | J80: =SUM(J76:J79) | K80: =SUM(K76:K79) | L80: =SUM(L76:L79) | ... AJ80: =SUM(AJ76:AJ79)

Sheet June-24
E2: June - 2024
A3: Sr.No | B3: Location | C3: Meter | D3: Previous Reading | E3: 45444 | F3: 45445 | G3: 45446 | H3: 45447 | I3: 45448 | J3: 45449 | K3: 45450 | L3: 45451 | M3: 45452 | N3: 45453 | O3: 45454 | P3: 45455 | Q3: 45456 | R3: 45457 | S3: 45458 | T3: 45459 | U3: 45460 | V3: 45461 | W3: 45462 | X3: 45463 | Y3: 45464 | Z3: 45465 | AA3: 45466 | AB3: 45467 | AC3: 45468 | AD3: 45469 | AE3: 45470 | AF3: 45471 | AG3: 45472 | AH3: 45473 | AI3: Consumption
E4: Sat | F4: Sun | G4: Mon | H4: Tue | I4: Wed | J4: Thu | K4: Fri | L4: Sat | M4: Sun | N4: Mon | O4: Tue | P4: Wed | Q4: Thu | R4: Fri | S4: Sat | T4: Sun | U4: Mon | V4: Tue | W4: Wed | X4: Thu | Y4: Fri | Z4: Sat | AA4: Sun | AB4: Mon | AC4: Tue | AD4: Wed | AE4: Thu | AF4: Fri | AG4: Sat | AH4: Sun
E5: Time | F5: Time | G5: Time | H5: Time | I5: Time | J5: Time | K5: Time | L5: Time | M5: Time | N5: Time | O5: Time | P5: Time | Q5: Time | R5: Time | S5: Time | T5: Time | U5: Time | V5: Time | W5: Time | X5: Time | Y5: Time | Z5: Time | AA5: Time | AB5: Time | AC5: Time | AD5: Time | AE5: Time | AF5: Time | AG5: Time | AH5: Time
E6: 0.33333333 | F6: 0.33333333 | G6: 0.33333333 | H6: 0.33333333 | I6: 0.33333333 | J6: 0.33333333 | K6: 0.33333333 | L6: 0.33333333 | M6: 0.33333333 | N6: 0.33333333 | O6: 0.33333333 | P6: 0.33333333 | Q6: 0.33333333 | R6: 0.33333333 | S6: 0.33333333 | T6: 0.33333333 | U6: 0.33333333 | V6: 0.33333333 | W6: 0.33333333 | X6: 0.33333333 | Y6: 0.33333333 | Z6: 0.33333333 | AA6: 0.33333333 | AB6: 0.33333333 | AC6: 0.33333333 | AD6: 0.33333333 | AE6: 0.33333333 | AF6: 0.33333333 | AG6: 0.33333333 | AH6: 0.33333333
A7: 1 | B7: 3F | C7: SL No 540430038840 (EB Unit) | D7: 27418 | E7: 27721 | F7: 27934 | G7: 28120 | H7: 28377 | I7: 28592 | J7: 28856 | K7: 29126 | L7: 29326 | M7: 29543 | N7: 29775 | O7: 29902 | P7: 30131 | Q7: 30315 | R7: 30478 | S7: 30690 | T7: 30905 | U7: 31102 | V7: 31284 | W7: 31479 | X7: 31744 | Y7: 31999 | Z7: 32217 | AA7: 32437 | AB7: 32667 | AC7: 32929 | AD7: 33190 | AE7: 33458 | AF7: 33658 | AG7: 33879 | AH7: 33984 | AI7: =AH7-D7
C8: DG | D8: 1040 | E8: 1078 | F8: 1079 | G8: 1155 | H8: 1155 | I8: 1197 | J8: 1200 | K8: 1207 | L8: 1207 | M8: 1230 | N8: 1230 | O8: 1365 | P8: 1388 | Q8: 1465 | R8: 1540 | S8: 1540 | T8: 1547 | U8: 1575 | V8: 1647 | W8: 1700 | X8: 1700 | Y8: 1700 | Z8: 1700 | AA8: 1700 | AB8: 1708 | AC8: 1708 | AD8: 1708 | AE8: 1708 | AF8: 1745 | AG8: 1751 | AH8: 1753 | AI8: =AH8-D8
A9: 2 | B9: 3F | C9: SL No 540430038845 (EB Unit) | D9: 1956 | E9: 1956 | F9: 1956 | G9: 1956 | H9: 1956 | I9: 1956 | J9: 1956 | K9: 1956 | L9: 1956 | M9: 1956 | N9: 1956 | O9: 1956 | P9: 1956 | Q9: 1956 | R9: 1956 | S9: 1956 | T9: 1956 | U9: 1956 | V9: 1956 | W9: 1956 | X9: 1956 | Y9: 1956 | Z9: 1956 | AA9: 1956 | AB9: 1956 | AC9: 1956 | AD9: 1956 | AE9: 1956 | AF9: 1956 | AG9: 1956 | AH9: 1956 | AI9: =AH9-D9
C10: DG | D10: 28 | E10: 28 | F10: 28 | G10: 28 | H10: 28 | I10: 28 | J10: 28 | K10: 28 | L10: 28 | M10: 28 | N10: 28 | O10: 28 | P10: 28 | Q10: 28 | R10: 28 | S10: 28 | T10: 28 | U10: 28 | V10: 28 | W10: 28 | X10: 28 | Y10: 28 | Z10: 28 | AA10: 28 | AB10: 28 | AC10: 28 | AD10: 28 | AE10: 28 | AF10: 28 | AG10: 28 | AH10: 28 | AI10: =AH10-D10
A11: 3 | B11: 3F | C11: SL No 540430038844 (EB Unit) | D11: 45249 | E11: 45659 | F11: 45937 | G11: 46190 | H11: 46554 | I11: 46857 | J11: 47224 | K11: 47560 | L11: 47822 | M11: 48099 | N11: 48444 | O11: 48610 | P11: 48936 | Q11: 49185 | R11: 49405 | S11: 49691 | T11: 49960 | U11: 50224 | V11: 50483 | W11: 50770 | X11: 51135 | Y11: 51492 | Z11: 51774 | AA11: 52068 | AB11: 52408 | AC11: 52771 | AD11: 53138 | AE11: 53521 | AF11: 53797 | AG11: 54090 | AH11: 54227 | AI11: =AH11-D11
C12: DG | D12: 1649 | E12: 1702 | F12: 1702 | G12: 1821 | H12: 1821 | I12: 1885 | J12: 1885 | K12: 1898 | L12: 1898 | M12: 1928 | N12: 1928 | O12: 2127 | P12: 2163 | Q12: 2280 | R12: 2392 | S12: 2393 | T12: 2402 | U12: 2439 | V12: 2548 | W12: 2630 | X12: 2630 | Y12: 2630 | Z12: 2630 | AA12: 2630 | AB12: 2642 | AC12: 2642 | AD12: 2642 | AE12: 2642 | AF12: 2690 | AG12: 2699 | AH12: 2701 | AI12: =AH12-D12
A13: 4 | B13: 3F | C13: SL No 540430038821 (EB Unit) | D13: 0 | E13: 0 | F13: 0 | G13: 0 | H13: 0 | I13: 0 | J13: 0 | K13: 0 | L13: 0 | M13: 0 | N13: 0 | O13: 0 | P13: 0 | Q13: 0 | R13: 0 | S13: 0 | T13: 0 | U13: 0 | V13: 0 | W13: 0 | X13: 0 | Y13: 0 | Z13: 0 | AA13: 0 | AB13: 0 | AC13: 0 | AD13: 0 | AE13: 0 | AF13: 0 | AG13: 0 | AH13: 0 | AI13: =AH13-D13
C14: DG | D14: 0 | E14: 0 | F14: 0 | G14: 0 | H14: 0 | I14: 0 | J14: 0 | K14: 0 | L14: 0 | M14: 0 | N14: 0 | O14: 0 | P14: 0 | Q14: 0 | R14: 0 | S14: 0 | T14: 0 | U14: 0 | V14: 0 | W14: 0 | X14: 0 | Y14: 0 | Z14: 0 | AA14: 0 | AB14: 0 | AC14: 0 | AD14: 0 | AE14: 0 | AF14: 0 | AG14: 0 | AH14: 0 | AI14: =AH14-D14
A15: 5 | B15: 3F | C15: SL No 540430038849 (EB Unit) | D15: 15905 | E15: 16093 | F15: 16220 | G15: 16350 | H15: 16538 | I15: 16695 | J15: 16889 | K15: 17062 | L15: 17186 | M15: 17308 | N15: 17492 | O15: 17582 | P15: 17758 | Q15: 17891 | R15: 18002 | S15: 18126 | T15: 18248 | U15: 18357 | V15: 18492 | W15: 18644 | X15: 18838 | Y15: 19028 | Z15: 19149 | AA15: 19281 | AB15: 19453 | AC15: 19612 | AD15: 19874 | AE15: 20029 | AF15: 20170 | AG15: 20286 | AH15: 20339 | AI15: =AH15-D15
C16: DG | D16: 746 | E16: 778 | F16: 779 | G16: 840 | H16: 840 | I16: 878 | J16: 878 | K16: 884 | L16: 884 | M16: 897 | N16: 897 | O16: 1003 | P16: 1021 | Q16: 1086 | R16: 1150 | S16: 1150 | T16: 1154 | U16: 1169 | V16: 1229 | W16: 1274 | X16: 1274 | Y16: 1274 | Z16: 1274 | AA16: 1274 | AB16: 1280 | AC16: 1280 | AD16: 1280 | AE16: 1280 | AF16: 1306 | AG16: 1310 | AH16: 1311 | AI16: =AH16-D16
A17: 6 | B17: 3F | C17: SL No 540430038696 (EB Unit) | D17: 26115 | E17: 26384 | F17: 26500 | G17: 26639 | H17: 26918 | I17: 27154 | J17: 27410 | K17: 27656 | L17: 27794 | M17: 27913 | N17: 28193 | O17: 28316 | P17: 28575 | Q17: 28764 | R17: 28921 | S17: 29072 | T17: 29219 | U17: 29363 | V17: 29534 | W17: 29756 | X17: 29993 | Y17: 30229 | Z17: 30340 | AA17: 30479 | AB17: 30679 | AC17: 30924 | AD17: 31175 | AE17: 31411 | AF17: 31599 | AG17: 31714 | AH17: 31779 | AI17: =AH17-D17
C18: DG | D18: 1209 | E18: 1253 | F18: 1253 | G18: 1385 | H18: 1385 | I18: 1381 | J18: 1381 | K18: 1387 | L18: 1387 | M18: 1402 | N18: 1402 | O18: 1567 | P18: 1595 | Q18: 1699 | R18: 1795 | S18: 1796 | T18: 1798 | U18: 1814 | V18: 1880 | W18: 1954 | X18: 1954 | Y18: 1954 | Z18: 1954 | AA18: 1954 | AB18: 1962 | AC18: 1962 | AD18: 1962 | AE18: 1962 | AF18: 1997 | AG18: 1998 | AH18: 1999 | AI18: =AH18-D18
A19: 7 | B19: 3F | C19: SL No 540430038843 (EB Unit) | D19: 94630 | E19: 95345 | F19: 95647 | G19: 96151 | H19: 96894 | I19: 97460 | J19: 98176 | K19: 98863 | L19: 99306 | M19: 99658 | N19: 100341 | O19: 100699 | P19: 101318 | Q19: 101804 | R19: 102235 | S19: 102687 | T19: 103226 | U19: 103503 | V19: 103957 | W19: 104485 | X19: 105126 | Y19: 105778 | Z19: 106120 | AA19: 106434 | AB19: 107025 | AC19: 107634 | AD19: 108302 | AE19: 109015 | AF19: 109562 | AG19: 109901 | AH19: 109964 | AI19: =AH19-D19
C20: DG | D20: 3299 | E20: 3414 | F20: 3417 | G20: 3625 | H20: 3625 | I20: 3748 | J20: 3755 | K20: 3770 | L20: 3770 | M20: 3825 | N20: 3825 | O20: 4156 | P20: 4214 | Q20: 4426 | R20: 4652 | S20: 4654 | T20: 4669 | U20: 4713 | V20: 4875 | W20: 5018 | X20: 5018 | Y20: 5018 | Z20: 5018 | AA20: 5018 | AB20: 5037 | AC20: 5037 | AD20: 5037 | AE20: 5037 | AF20: 5108 | AG20: 5117 | AH20: 5120 | AI20: =AH20-D20
A21: 8 | B21: 3F | C21: SL No 540430038848 (EB Unit) | D21: 20693 | E21: 20827 | F21: 20964 | G21: 21109 | H21: 21208 | I21: 21287 | J21: 21376 | K21: 21459 | L21: 21570 | M21: 21691 | N21: 21790 | O21: 21831 | P21: 21916 | Q21: 21990 | R21: 22049 | S21: 22166 | T21: 22310 | U21: 22431 | V21: 22562 | W21: 22660 | X21: 22787 | Y21: 22919 | Z21: 23046 | AA21: 23171 | AB21: 23340 | AC21: 23459 | AD21: 23580 | AE21: 23712 | AF21: 23806 | AG21: 23926 | AH21: 23959 | AI21: =AH21-D21
C22: DG | D22: 585 | E22: 606 | F22: 606 | G22: 659 | H22: 659 | I22: 681 | J22: 681 | K22: 684 | L22: 684 | M22: 695 | N22: 695 | O22: 746 | P22: 757 | Q22: 789 | R22: 837 | S22: 837 | T22: 844 | U22: 862 | V22: 918 | W22: 945 | X22: 945 | Y22: 945 | Z22: 945 | AA22: 945 | AB22: 950 | AC22: 950 | AD22: 950 | AE22: 950 | AF22: 964 | AG22: 969 | AH22: 969 | AI22: =AH22-D22
A24: 1 | B24: 3F | C24: AHU1 | D24: 9012 | E24: 9122 | F24: 9122 | G24: 9191 | H24: 9295 | I24: 9369 | J24: 9480 | K24: 9594 | L24: 9652 | M24: 9652 | N24: 9758 | O24: 9811 | P24: 9899 | Q24: 9960 | R24: 10010 | S24: 10063 | T24: 10063 | U24: 10079 | V24: 10158 | W24: 10241 | X24: 10350 | Y24: 10477 | Z24: 10547 | AA24: 10547 | AB24: 10671 | AC24: 10740 | AD24: 10786 | AE24: 10832 | AF24: 10880 | AG24: 10907 | AH24: 10907 | AI24: =AH24-D24
C25: DG | D25: 555 | E25: 569 | F25: 569 | G25: 618 | H25: 618 | I25: 645 | J25: 645 | K25: 645 | L25: 645 | M25: 645 | N25: 645 | O25: 708 | P25: 721 | Q25: 765 | R25: 814 | S25: 814 | T25: 814 | U25: 817 | V25: 854 | W25: 889 | X25: 889 | Y25: 889 | Z25: 889 | AA25: 889 | AB25: 895 | AC25: 895 | AD25: 895 | AE25: 895 | AF25: 895 | AG25: 895 | AH25: 895 | AI25: =AH25-D25
A26: 2 | B26: 3F | C26: AHU2 | D26: 8291 | E26: 8400 | F26: 8400 | G26: 8467 | H26: 8569 | I26: 8641 | J26: 8743 | K26: 8853 | L26: 8904 | M26: 8904 | N26: 9004 | O26: 9058 | P26: 9115 | Q26: 9206 | R26: 9253 | S26: 9302 | T26: 9302 | U26: 9319 | V26: 9400 | W26: 9484 | X26: 9583 | Y26: 9691 | Z26: 9750 | AA26: 9750 | AB26: 9871 | AC26: 9951 | AD26: 10088 | AE26: 10191 | AF26: 10274 | AG26: 10321 | AH26: 10321 | AI26: =AH26-D26
C27: DG | D27: 557 | E27: 570 | F27: 570 | G27: 620 | H27: 620 | I27: 646 | J27: 646 | K27: 646 | L27: 646 | M27: 646 | N27: 646 | O27: 703 | P27: 716 | Q27: 758 | R27: 804 | S27: 804 | T27: 804 | U27: 807 | V27: 847 | W27: 881 | X27: 881 | Y27: 881 | Z27: 881 | AA27: 881 | AB27: 887 | AC27: 887 | AD27: 887 | AE27: 887 | AF27: 901 | AG27: 903 | AH27: 903 | AI27: =AH27-D27
A28: 3 | B28: 3F | C28: AHU3 | D28: 6422 | E28: 6497 | F28: 6497 | G28: 6570 | H28: 6701 | I28: 6788 | J28: 6912 | K28: 7034 | L28: 7096 | M28: 7096 | N28: 7251 | O28: 7272 | P28: 7372 | Q28: 7436 | R28: 7492 | S28: 7555 | T28: 7555 | U28: 7615 | V28: 7688 | W28: 7776 | X28: 7943 | Y28: 8026 | Z28: 8078 | AA28: 8078 | AB28: 8230 | AC28: 8287 | AD28: 8496 | AE28: 8611 | AF28: 8709 | AG28: 8764 | AH28: 8764 | AI28: =AH28-D28
C29: DG | D29: 513 | E29: 526 | F29: 526 | G29: 580 | H29: 580 | I29: 611 | J29: 611 | K29: 611 | L29: 611 | M29: 611 | N29: 611 | O29: 611 | P29: 698 | Q29: 748 | R29: 805 | S29: 805 | T29: 805 | U29: 821 | V29: 862 | W29: 898 | X29: 898 | Y29: 898 | Z29: 898 | AA29: 898 | AB29: 905 | AC29: 905 | AD29: 905 | AE29: 905 | AF29: 920 | AG29: 923 | AH29: 923 | AI29: =AH29-D29
A30: 4 | B30: 3F | C30: AHU4 | D30: 6551 | E30: 6630 | F30: 6630 | G30: 6692 | H30: 6793 | I30: 6868 | J30: 6978 | K30: 7085 | L30: 7139 | M30: 7139 | N30: 7243 | O30: 7292 | P30: 7377 | Q30: 7433 | R30: 7480 | S30: 7530 | T30: 7530 | U30: 7545 | V30: 7616 | W30: 7693 | X30: 7802 | Y30: 7919 | Z30: 7986 | AA30: 7986 | AB30: 8095 | AC30: 8214 | AD30: 8327 | AE30: 8430 | AF30: 8530 | AG30: 8579 | AH30: 8579 | AI30: =AH30-D30
C31: DG | D31: 451 | E31: 462 | F31: 462 | G31: 508 | H31: 508 | I31: 535 | J31: 535 | K31: 535 | L31: 535 | M31: 535 | N31: 535 | O31: 596 | P31: 609 | Q31: 651 | R31: 698 | S31: 698 | T31: 698 | U31: 701 | V31: 748 | W31: 779 | X31: 779 | Y31: 779 | Z31: 779 | AA31: 779 | AB31: 782 | AC31: 782 | AD31: 782 | AE31: 782 | AF31: 782 | AG31: 782 | AH31: 782 | AI31: =AH31-D31
A33: 1 | B33: 3F | C33: AHU1 - BTU | D33: 62776 | E33: 63415.3 | F33: 63415.3 | G33: 64687.43 | H33: 65634.89 | I33: 66522.4 | J33: 67373.61 | K33: 68037.21 | L33: 68409.19 | M33: 68409.19 | N33: 69562.86 | O33: 70512.77 | P33: 71437.11 | Q33: 72406.66 | R33: 73361.83 | S33: 73721.98 | T33: 73721.98 | U33: 73944.72 | V33: 75322.51 | W33: 76461.31 | X33: 77396.6 | Y33: 78264.44 | Z33: 78656.69 | AA33: 78656.69 | AB33: 79900.68 | AC33: 80881.07 | AD33: 81864.67 | AE33: 82534.66 | AF33: 83015.77 | AG33: 83302.6 | AH33: 83302.6 | AI33: =AH33-D33
A34: 2 | B34: 3F | C34: AHU2 - BTU | D34: 62028 | E34: 63002.02 | F34: 63002.02 | G34: 64235.15 | H34: 65387.7 | I34: 66379.9 | J34: 67397.52 | K34: 68114.47 | L34: 68579.72 | M34: 68579.72 | N34: 69776 | O34: 70748.59 | P34: 71773.78 | Q34: 72813.4 | R34: 73814.2 | S34: 74316.18 | T34: 74316.18 | U34: 74539.87 | V34: 75969.07 | W34: 77218.15 | X34: 78319.98 | Y34: 79132.32 | Z34: 79602.03 | AA34: 79602.03 | AB34: 80744.96 | AC34: 81636.5 | AD34: 82386.82 | AE34: 83051.76 | AF34: 83735.66 | AG34: 84127.73 | AH34: 84127.73 | AI34: =AH34-D34
A35: 3 | B35: 3F | C35: AHU3 - BTU | D35: 59574 | E35: 60582.14 | F35: 60582.14 | G35: 62065.93 | H35: 63397.48 | I35: 64499.3 | J35: 65751.36 | K35: 66618.02 | L35: 67148.85 | M35: 67148.85 | N35: 68540.02 | O35: 69698.91 | P35: 70933.18 | Q35: 72124.93 | R35: 73346.75 | S35: 73930.93 | T35: 73930.98 | U35: 74802.4 | V35: 76401.81 | W35: 77931.25 | X35: 79219.38 | Y35: 80305.75 | Z35: 80966.66 | AA35: 80966.66 | AB35: 82450.55 | AC35: 83632.35 | AD35: 84643.13 | AE35: 85751.11 | AF35: 86631.9 | AG35: 87129.6 | AH35: 87129.6 | AI35: =AH35-D35
A36: 4 | B36: 3F | C36: AHU4 - BTU | D36: 77455 | E36: 78394.88 | F36: 78394.88 | G36: 79937.1 | H36: 81217.59 | I36: 82374.16 | J36: 83373.36 | K36: 84215 | L36: 84687.52 | M36: 84687.52 | N36: 86124.02 | O36: 87339.08 | P36: 88509.81 | Q36: 89616.66 | R36: 90758.29 | S36: 91225.51 | T36: 91225.51 | U36: 91587.2 | V36: 92879.84 | W36: 94492.9 | X36: 95697.21 | Y36: 96783.15 | Z36: 97280.16 | AA36: 97280.16 | AB36: 98756.31 | AC36: 100013.38 | AD36: 101081.27 | AE36: 102125.13 | AF36: 103048.49 | AG36: 103444.13 | AH36: 103444.13 | AI36: =AH36-D36
B39: Daily Energy Report
B40: Electricity Consumption
A41: Sr.No | B41: Location | C41: Meter | E41: =E3 | F41: =F3 | G41: =G3 | H41: =H3 | I41: =I3 | J41: =J3 | K41: =K3 | L41: =L3 | ... AH41: =AH3 | AI41: Consumption
E42: =E4 | F42: =F4 | G42: =G4 | H42: =H4 | I42: =I4 | J42: =J4 | K42: =K4 | L42: =L4 | ... AH42: =AH4
E43: Time | F43: Time | G43: Time | H43: Time | I43: Time | J43: Time | K43: Time | L43: Time | M43: Time | N43: Time | O43: Time | P43: Time | Q43: Time | R43: Time | S43: Time | T43: Time | U43: Time | V43: Time | W43: Time | X43: Time | Y43: Time | Z43: Time | AA43: Time | AB43: Time | AC43: Time | AD43: Time | AE43: Time | AF43: Time | AG43: Time | AH43: Time
E44: 0.33333333 | F44: 0.33333333 | G44: 0.33333333 | H44: 0.33333333 | I44: 0.33333333 | J44: 0.33333333 | K44: 0.33333333 | L44: 0.33333333 | M44: 0.33333333 | N44: 0.33333333 | O44: 0.33333333 | P44: 0.33333333 | Q44: 0.33333333 | R44: 0.33333333 | S44: 0.33333333 | T44: 0.33333333 | U44: 0.33333333 | V44: 0.33333333 | W44: 0.33333333 | X44: 0.33333333 | Y44: 0.33333333 | Z44: 0.33333333 | AA44: 0.33333333 | AB44: 0.33333333 | AC44: 0.33333333 | AD44: 0.33333333 | AE44: 0.33333333 | AF44: 0.33333333 | AG44: 0.33333333 | AH44: 0.33333333
A45: 1 | B45: 3F | C45: SL No 540430038840 (EB Unit) | E45: =E7-D7 | F45: =F7-E7 | G45: =G7-F7 | H45: =H7-G7 | I45: =I7-H7 | J45: =J7-I7 | K45: =K7-J7 | L45: =L7-K7 | ... AH45: =AH7-AG7 | AI45: =SUM(E45:AH45)
C46: DG | E46: =E8-D8 | F46: =F8-E8 | G46: =G8-F8 | H46: =H8-G8 | I46: =I8-H8 | J46: =J8-I8 | K46: =K8-J8 | L46: =L8-K8 | ... AH46: =AH8-AG8 | AI46: =SUM(E46:AH46)
A47: 2 | B47: 3F | C47: SL No 540430038845 (EB Unit) | E47: =E9-D9 | F47: =F9-E9 | G47: =G9-F9 | H47: =H9-G9 | I47: =I9-H9 | J47: =J9-I9 | K47: =K9-J9 | L47: =L9-K9 | ... AH47: =AH9-AG9 | AI47: =SUM(E47:AH47)
C48: DG | E48: =E10-D10 | F48: =F10-E10 | G48: =G10-F10 | H48: =H10-G10 | I48: =I10-H10 | J48: =J10-I10 | K48: =K10-J10 | L48: =L10-K10 | ... AH48: =AH10-AG10 | AI48: =SUM(E48:AH48)
A49: 3 | B49: 3F | C49: SL No 540430038844 (EB Unit) | E49: =E11-D11 | F49: =F11-E11 | G49: =G11-F11 | H49: =H11-G11 | I49: =I11-H11 | J49: =J11-I11 | K49: =K11-J11 | L49: =L11-K11 | ... AH49: =AH11-AG11 | AI49: =SUM(E49:AH49)
C50: DG | E50: =E12-D12 | F50: =F12-E12 | G50: =G12-F12 | H50: =H12-G12 | I50: =I12-H12 | J50: =J12-I12 | K50: =K12-J12 | L50: =L12-K12 | ... AH50: =AH12-AG12 | AI50: =SUM(E50:AH50)
A51: 4 | B51: 3F | C51: SL No 540430038821 (EB Unit) | E51: =E13-D13 | F51: =F13-E13 | G51: =G13-F13 | H51: =H13-G13 | I51: =I13-H13 | J51: =J13-I13 | K51: =K13-J13 | L51: =L13-K13 | ... AH51: =AH13-AG13 | AI51: =SUM(E51:AH51)
C52: DG | E52: =E14-D14 | F52: =F14-E14 | G52: =G14-F14 | H52: =H14-G14 | I52: =I14-H14 | J52: =J14-I14 | K52: =K14-J14 | L52: =L14-K14 | ... AH52: =AH14-AG14 | AI52: =SUM(E52:AH52)
A53: 5 | B53: 3F | C53: SL No 540430038849 (EB Unit) | E53: =E15-D15 | F53: =F15-E15 | G53: =G15-F15 | H53: =H15-G15 | I53: =I15-H15 | J53: =J15-I15 | K53: =K15-J15 | L53: =L15-K15 | ... AH53: =AH15-AG15 | AI53: =SUM(E53:AH53)
C54: DG | E54: =E16-D16 | F54: =F16-E16 | G54: =G16-F16 | H54: =H16-G16 | I54: =I16-H16 | J54: =J16-I16 | K54: =K16-J16 | L54: =L16-K16 | ... AH54: =AH16-AG16 | AI54: =SUM(E54:AH54)
A55: 6 | B55: 3F | C55: SL No 540430038696 (EB Unit) | E55: =E17-D17 | F55: =F17-E17 | G55: =G17-F17 | H55: =H17-G17 | I55: =I17-H17 | J55: =J17-I17 | K55: =K17-J17 | L55: =L17-K17 | ... AH55: =AH17-AG17 | AI55: =SUM(E55:AH55) | AJ55: EB | AK55: =AI61
C56: DG | E56: =E18-D18 | F56: =F18-E18 | G56: =G18-F18 | H56: =H18-G18 | I56: =I18-H18 | J56: =J18-I18 | K56: =K18-J18 | L56: =L18-K18 | ... AH56: =AH18-AG18 | AI56: =SUM(E56:AH56) | AJ56: AHU | AK56: =AI74
A57: 7 | B57: 3F | C57: SL No 540430038843 (EB Unit) | E57: =E19-D19 | F57: =F19-E19 | G57: =G19-F19 | H57: =H19-G19 | I57: =I19-H19 | J57: =J19-I19 | K57: =K19-J19 | L57: =L19-K19 | ... AH57: =AH19-AG19 | AI57: =SUM(E57:AH57) | AJ57: BTU | AK57: =AI80/2
C58: DG | E58: =E20-D20 | F58: =F20-E20 | G58: =G20-F20 | H58: =H20-G20 | I58: =I20-H20 | J58: =J20-I20 | K58: =K20-J20 | L58: =L20-K20 | ... AH58: =AH20-AG20 | AI58: =SUM(E58:AH58) | AJ58: DG | AK58: =AI62+AI75
A59: 8 | B59: 3F | C59: SL No 540430038848 (EB Unit) | E59: =E21-D21 | F59: =F21-E21 | G59: =G21-F21 | H59: =H21-G21 | I59: =I21-H21 | J59: =J21-I21 | K59: =K21-J21 | L59: =L21-K21 | ... AH59: =AH21-AG21 | AI59: =SUM(E59:AH59)
C60: DG | E60: =E22-D22 | F60: =F22-E22 | G60: =G22-F22 | H60: =H22-G22 | I60: =I22-H22 | J60: =J22-I22 | K60: =K22-J22 | L60: =L22-K22 | ... AH60: =AH22-AG22 | AI60: =SUM(E60:AH60)
C61: Total Power - EB Unit | E61: =SUM(E59,E57,E55,E53,E51,E49,E47,E45) | F61: =SUM(F59,F57,F55,F53,F51,F49,F47,F45) | G61: =SUM(G59,G57,G55,G53,G51,G49,G47,G45) | H61: =SUM(H59,H57,H55,H53,H51,H49,H47,H45) | I61: =SUM(I59,I57,I55,I53,I51,I49,I47,I45) | J61: =SUM(J59,J57,J55,J53,J51,J49,J47,J45) | K61: =SUM(K59,K57,K55,K53,K51,K49,K47,K45) | L61: =SUM(L59,L57,L55,L53,L51,L49,L47,L45) | ... AH61: =SUM(AH59,AH57,AH55,AH53,AH51,AH49,AH47,AH45) | AI61: =SUM(E61:AH61)
C62: Total Power- DG | E62: =SUM(E46,E48,E50,E52,E54,E56,E58,E60) | F62: =SUM(F46,F48,F50,F52,F54,F56,F58,F60) | G62: =SUM(G46,G48,G50,G52,G54,G56,G58,G60) | H62: =SUM(H46,H48,H50,H52,H54,H56,H58,H60) | I62: =SUM(I46,I48,I50,I52,I54,I56,I58,I60) | J62: =SUM(J46,J48,J50,J52,J54,J56,J58,J60) | K62: =SUM(K46,K48,K50,K52,K54,K56,K58,K60) | L62: =SUM(L46,L48,L50,L52,L54,L56,L58,L60) | ... AH62: =SUM(AH46,AH48,AH50,AH52,AH54,AH56,AH58,AH60) | AI62: =SUM(E62:AH62)
C63: Total Power Cumulative | E63: =E61 | F63: =E63+F61 | G63: =F63+G61 | H63: =G63+H61 | I63: =H63+I61 | J63: =I63+J61 | K63: =J63+K61 | L63: =K63+L61 | M63: =L63+M61 | ... AH63: =AG63+AH61 | AI63: =AG63+AI61
A65: S No | B65: Location | C65: Meter
A66: 1 | B66: 3F | C66: AHU1 | E66: =E24-D24 | F66: =F24-E24 | G66: =G24-F24 | H66: =H24-G24 | I66: =I24-H24 | J66: =J24-I24 | K66: =K24-J24 | L66: =L24-K24 | ... AH66: =AH24-AG24 | AI66: =SUM(E66:AH66)
C67: DG | E67: =E25-D25 | F67: =F25-E25 | G67: =G25-F25 | H67: =H25-G25 | I67: =I25-H25 | J67: =J25-I25 | K67: =K25-J25 | L67: =L25-K25 | ... AH67: =AH25-AG25 | AI67: =SUM(E67:AH67)
A68: 2 | B68: 3F | C68: AHU2 | E68: =E26-D26 | F68: =F26-E26 | G68: =G26-F26 | H68: =H26-G26 | I68: =I26-H26 | J68: =J26-I26 | K68: =K26-J26 | L68: =L26-K26 | ... AH68: =AH26-AG26 | AI68: =SUM(E68:AH68)
C69: DG | E69: =E27-D27 | F69: =F27-E27 | G69: =G27-F27 | H69: =H27-G27 | I69: =I27-H27 | J69: =J27-I27 | K69: =K27-J27 | L69: =L27-K27 | ... AH69: =AH27-AG27 | AI69: =SUM(E69:AH69)
A70: 3 | B70: 3F | C70: AHU3 | E70: =E28-D28 | F70: =F28-E28 | G70: =G28-F28 | H70: =H28-G28 | I70: =I28-H28 | J70: =J28-I28 | K70: =K28-J28 | L70: =L28-K28 | ... AH70: =AH28-AG28 | AI70: =SUM(E70:AH70)
C71: DG | E71: =E29-D29 | F71: =F29-E29 | G71: =G29-F29 | H71: =H29-G29 | I71: =I29-H29 | J71: =J29-I29 | K71: =K29-J29 | L71: =L29-K29 | ... AH71: =AH29-AG29 | AI71: =SUM(E71:AH71)
A72: 4 | B72: 3F | C72: AHU4 | E72: =E30-D30 | F72: =F30-E30 | G72: =G30-F30 | H72: =H30-G30 | I72: =I30-H30 | J72: =J30-I30 | K72: =K30-J30 | L72: =L30-K30 | ... AH72: =AH30-AG30 | AI72: =SUM(E72:AH72)
C73: DG | E73: =E31-D31 | F73: =F31-E31 | G73: =G31-F31 | H73: =H31-G31 | I73: =I31-H31 | J73: =J31-I31 | K73: =K31-J31 | L73: =L31-K31 | ... AH73: =AH31-AG31 | AI73: =SUM(E73:AH73)
C74: Total AHU Power Consumption | E74: =SUM(E66,E68,E70,E72) | F74: =SUM(F66,F68,F70,F72) | G74: =SUM(G66,G68,G70,G72) | H74: =SUM(H66,H68,H70,H72) | I74: =SUM(I66,I68,I70,I72) | J74: =SUM(J66,J68,J70,J72) | K74: =SUM(K66,K68,K70,K72) | L74: =SUM(L66,L68,L70,L72) | ... AH74: =SUM(AH66,AH68,AH70,AH72) | AI74: =SUM(E74:AH74)
C75: Total AHU DG consumption | E75: =SUM(E67,E69,E71,E73) | F75: =SUM(F67,F69,F71,F73) | G75: =SUM(G67,G69,G71,G73) | H75: =SUM(H67,H69,H71,H73) | I75: =SUM(I67,I69,I71,I73) | J75: =SUM(J67,J69,J71,J73) | K75: =SUM(K67,K69,K71,K73) | L75: =SUM(L67,L69,L71,L73) | ... AH75: =SUM(AH67,AH69,AH71,AH73) | AI75: =SUM(E75:AH75)
A76: 1 | B76: 3F | C76: AHU1 - BTU | E76: =E33-D33 | F76: =F33-E33 | G76: =G33-F33 | H76: =H33-G33 | I76: =I33-H33 | J76: =J33-I33 | K76: =K33-J33 | L76: =L33-K33 | ... AH76: =AH33-AG33 | AI76: =SUM(E76:AH76)
A77: 2 | B77: 3F | C77: AHU2 - BTU | E77: =E34-D34 | F77: =F34-E34 | G77: =G34-F34 | H77: =H34-G34 | I77: =I34-H34 | J77: =J34-I34 | K77: =K34-J34 | L77: =L34-K34 | ... AH77: =AH34-AG34 | AI77: =SUM(E77:AH77)
A78: 3 | B78: 3F | C78: AHU3 - BTU | E78: =E35-D35 | F78: =F35-E35 | G78: =G35-F35 | H78: =H35-G35 | I78: =I35-H35 | J78: =J35-I35 | K78: =K35-J35 | L78: =L35-K35 | ... AH78: =AH35-AG35 | AI78: =SUM(E78:AH78)
A79: 4 | B79: 3F | C79: AHU4 - BTU | E79: =E36-D36 | F79: =F36-E36 | G79: =G36-F36 | H79: =H36-G36 | I79: =I36-H36 | J79: =J36-I36 | K79: =K36-J36 | L79: =L36-K36 | ... AH79: =AH36-AG36 | AI79: =SUM(E79:AH79)
C80: Total BTU Consumption | E80: =SUM(E76:E79) | F80: =SUM(F76:F79) | G80: =SUM(G76:G79) | H80: =SUM(H76:H79) | I80: =SUM(I76:I79) | J80: =SUM(J76:J79) | K80: =SUM(K76:K79) | L80: =SUM(L76:L79) | ... AI80: =SUM(AI76:AI79)

Sheet July 24
E2: July 2024
A3: Sr.No | B3: Location | C3: Meter | D3: Previous Reading | E3: 45474 | F3: 45475 | G3: 45476 | H3: 45477 | I3: 45478 | J3: 45479 | K3: 45480 | L3: 45481 | M3: 45482 | N3: 45483 | O3: 45484 | P3: 45485 | Q3: 45486 | R3: 45487 | S3: 45488 | T3: 45489 | U3: 45490 | V3: 45491 | W3: 45492 | X3: 45493 | Y3: 45494 | Z3: 45495 | AA3: 45496 | AB3: 45497 | AC3: 45498 | AD3: 45499 | AE3: 45500 | AF3: 45501 | AG3: 45502 | AH3: 45503 | AI3: 45504 | AJ3: Consumption
E4: Mon | F4: Tue | G4: Wed | H4: Thu | I4: Fri | J4: Sat | K4: Sun | L4: Mon | M4: Tue | N4: Wed | O4: Thu | P4: Fri | Q4: Sat | R4: Sun | S4: Mon | T4: Tue | U4: Wed | V4: Thu | W4: Fri | X4: Sat | Y4: Sun | Z4: Mon | AA4: Tue | AB4: Wed | AC4: Thu | AD4: Fri | AE4: Sat | AF4: Sun | AG4: Mon | AH4: Tue | AI4: Wed
E5: Time | F5: Time | G5: Time | H5: Time | I5: Time | J5: Time | K5: Time | L5: Time | M5: Time | N5: Time | O5: Time | P5: Time | Q5: Time | R5: Time | S5: Time | T5: Time | U5: Time | V5: Time | W5: Time | X5: Time | Y5: Time | Z5: Time | AA5: Time | AB5: Time | AC5: Time | AD5: Time | AE5: Time | AF5: Time | AG5: Time | AH5: Time | AI5: Time
E6: 0.33333333 | F6: 0.33333333 | G6: 0.33333333 | H6: 0.33333333 | I6: 0.33333333 | J6: =#REF!=AN73 | K6: 0.33333333 | L6: 0.33333333 | M6: 0.33333333 | N6: 0.33333333 | O6: 0.33333333 | P6: 0.33333333 | Q6: 0.33333333 | R6: 0.33333333 | S6: 0.33333333 | T6: 0.33333333 | U6: 0.33333333 | V6: 0.33333333 | W6: 0.33333333 | X6: 0.33333333 | Y6: 0.33333333 | Z6: 0.33333333 | AA6: 0.33333333 | AB6: 0.33333333 | AC6: 0.33333333 | AD6: 0.33333333 | AE6: 0.33333333 | AF6: 0.33333333 | AG6: 0.33333333 | AH6: 0.33333333 | AI6: 0.33333333
A7: 1 | B7: 3F | C7: SL No 540430038840 (EB Unit) | D7: 33984 | E7: 34325 | F7: 34584 | G7: 34840 | H7: 35100 | I7: 35331 | J7: 35537 | K7: 35740 | L7: 35959 | M7: 36232 | N7: 36449 | O7: 36753 | P7: 36947 | Q7: 37103 | R7: 37319 | S7: 37550 | T7: 37775 | U7: 37903 | V7: 38256 | W7: 38475 | X7: 38686 | Y7: 38886 | Z7: 39150 | AA7: 39390 | AB7: 39651 | AC7: 39894 | AD7: 40133 | AE7: 40341 | AF7: 40563 | AG7: 40784 | AH7: 40954 | AI7: 41074 | AJ7: =AI7-D7 | AK7: =SUM(AJ7,AJ9,AJ11,AJ13,AJ15,AJ17,AJ19,AJ21)
C8: DG | D8: 1753 | E8: 1793 | F8: 1793 | G8: 1793 | H8: 1793 | I8: 1800 | J8: 1818 | K8: 1835 | L8: 1866 | M8: 1866 | N8: 1917 | O8: 1930 | P8: 1979 | Q8: 2044 | R8: 2044 | S8: 2059 | T8: 2097 | U8: 2131 | V8: 2131 | W8: 2150 | X8: 2165 | Y8: 2165 | Z8: 2165 | AA8: 2177 | AB8: 2177 | AC8: 2188 | AD8: 2188 | AE8: 2190 | AF8: 2190 | AG8: 2240 | AH8: 2322 | AI8: 2322 | AJ8: =AI8-D8 | AK8: =SUM(AJ8,AJ10,AJ12,AJ14,AJ16,AJ18,AJ20,AJ22)
A9: 2 | B9: 3F | C9: SL No 540430038845 (EB Unit) | D9: 1956 | E9: 1956 | F9: 1956 | G9: 1956 | H9: 1956 | I9: 1956 | J9: 1956 | K9: 1956 | L9: 1956 | M9: 1956 | N9: 1956 | O9: 1956 | P9: 1956 | Q9: 1956 | R9: 1956 | S9: 1956 | T9: 1956 | U9: 1956 | V9: 1956 | W9: 1956 | X9: 1956 | Y9: 1956 | Z9: 1956 | AA9: 1956 | AB9: 1956 | AC9: 1956 | AD9: 1956 | AE9: 1956 | AF9: 1956 | AG9: 1956 | AH9: 1956 | AI9: 1956 | AJ9: =AI9-D9
C10: DG | D10: 28.6 | E10: 28.6 | F10: 28.6 | G10: 28.6 | H10: 28.6 | I10: 28.6 | J10: 28.6 | K10: 28.6 | L10: 28.6 | M10: 28.6 | N10: 28.6 | O10: 28.6 | P10: 28.6 | Q10: 28.6 | R10: 28.6 | S10: 28.6 | T10: 28.6 | U10: 28.6 | V10: 28.6 | W10: 28.6 | X10: 28.6 | Y10: 28.6 | Z10: 28.6 | AA10: 28.6 | AB10: 28.6 | AC10: 28.6 | AD10: 28.6 | AE10: 28.6 | AF10: 28.6 | AG10: 28.6 | AH10: 28.6 | AI10: 28.6 | AJ10: =AI10-D10
A11: 3 | B11: 3F | C11: SL No 540430038844 (EB Unit) | D11: 54227 | E11: 54698 | F11: 55071 | G11: 55397 | H11: 55806 | I11: 56139 | J11: 56404 | K11: 56666 | L11: 56981 | M11: 57374 | N11: 57683 | O11: 58011 | P11: 58281 | Q11: 58486 | R11: 58767 | S11: 59102 | T11: 59418 | U11: 59731 | V11: 60102 | W11: 60404 | X11: 60682 | Y11: 60942 | Z11: 61319 | AA11: 61660 | AB11: 62030 | AC11: 62370 | AD11: 62705 | AE11: 62980 | AF11: 63280 | AG11: 63580 | AH11: 63817 | AI11: 63982 | AJ11: =AI11-D11
C12: DG | D12: 2701 | E12: 2764 | F12: 2764 | G12: 2764 | H12: 2764 | I12: 2776 | J12: 2799 | K12: 2820 | L12: 2868 | M12: 2868 | N12: 2945 | O12: 2965 | P12: 3032 | Q12: 3117 | R12: 3117 | S12: 3138 | T12: 3197 | U12: 3249 | V12: 3249 | W12: 3276 | X12: 3296 | Y12: 3296 | Z12: 3296 | AA12: 3315 | AB12: 3315 | AC12: 3332 | AD12: 3332 | AE12: 3334 | AF12: 3334 | AG12: 3413 | AH12: 3540 | AI12: 3540 | AJ12: =AI12-D12
A13: 4 | B13: 3F | C13: SL No 540430038821 (EB Unit) | D13: 0 | E13: 0 | F13: 0 | G13: 0 | H13: 0 | I13: 0 | J13: 0 | K13: 0 | L13: 0 | M13: 0 | N13: 0 | O13: 0 | P13: 0 | Q13: 0 | R13: 0 | S13: 0 | T13: 0 | U13: 0 | V13: 0 | W13: 0 | X13: 0 | Y13: 0 | Z13: 0 | AA13: 0 | AB13: 0 | AC13: 0 | AD13: 0 | AE13: 0 | AF13: 0 | AG13: 0 | AH13: 0 | AI13: 0 | AJ13: =AI13-D13
C14: DG | D14: 0 | E14: 0 | F14: 0 | G14: 0 | H14: 0 | I14: 0 | J14: 0 | K14: 0 | L14: 0 | M14: 0 | N14: 0 | O14: 0 | P14: 0 | Q14: 0 | R14: 0 | S14: 0 | T14: 0 | U14: 0 | V14: 0 | W14: 0 | X14: 0 | Y14: 0 | Z14: 0 | AA14: 0 | AB14: 0 | AC14: 0 | AD14: 0 | AE14: 0 | AF14: 0 | AG14: 0 | AH14: 0 | AI14: 0 | AJ14: =AI14-D14
A15: 5 | B15: 3F | C15: SL No 540430038849 (EB Unit) | D15: 20339 | E15: 20559 | F15: 20750 | G15: 20951 | H15: 21177 | I15: 21350 | J15: 21455 | K15: 21572 | L15: 21747 | M15: 21951 | N15: 22107 | O15: 22283 | P15: 22427 | Q15: 22521 | R15: 22633 | S15: 22803 | T15: 22963 | U15: 23120 | V15: 23315 | W15: 23472 | X15: 23572 | Y15: 23676 | Z15: 23884 | AA15: 24077 | AB15: 24280 | AC15: 24465 | AD15: 24642 | AE15: 24754 | AF15: 24872 | AG15: 25020 | AH15: 25136 | AI15: 25219 | AJ15: =AI15-D15
C16: DG | D16: 1311 | E16: 1346 | F16: 1346 | G16: 1346 | H16: 1346 | I16: 1352 | J16: 1363 | K16: 1372 | L16: 1412 | M16: 1412 | N16: 1451 | O16: 1464 | P16: 1498 | Q16: 1534 | R16: 1534 | S16: 1546 | T16: 1579 | U16: 1610 | V16: 1610 | W16: 1628 | X16: 1637 | Y16: 1637 | Z16: 1637 | AA16: 1650 | AB16: 1650 | AC16: 1660 | AD16: 1660 | AE16: 1660 | AF16: 1660 | AG16: 1707 | AH16: 1771 | AI16: 1771 | AJ16: =AI16-D16
A17: 6 | B17: 3F | C17: SL No 540430038696 (EB Unit) | D17: 31779 | E17: 32033 | F17: 32273 | G17: 32474 | H17: 32689 | I17: 32877 | J17: 33011 | K17: 33102 | L17: 33298 | M17: 33528 | N17: 33715 | O17: 33928 | P17: 34105 | Q17: 34202 | R17: 34333 | S17: 34545 | T17: 34755 | U17: 34942 | V17: 35183 | W17: 35363 | X17: 35501 | Y17: 35615 | Z17: 35851 | AA17: 36029 | AB17: 36243 | AC17: 36441 | AD17: 36639 | AE17: 36745 | AF17: 36895 | AG17: 37080 | AH17: 37226 | AI17: 37338 | AJ17: =AI17-D17
C18: DG | D18: 1999 | E18: 2043 | F18: 2043 | G18: 2043 | H18: 2043 | I18: 2050 | J18: 2062 | K18: 2066 | L18: 2103 | M18: 2103 | N18: 2156 | O18: 2171 | P18: 2218 | Q18: 2239 | R18: 2239 | S18: 2256 | T18: 2289 | U18: 2321 | V18: 2321 | W18: 2343 | X18: 2354 | Y18: 2354 | Z18: 2354 | AA18: 2366 | AB18: 2366 | AC18: 2376 | AD18: 2376 | AE18: 2376 | AF18: 2376 | AG18: 2428 | AH18: 2510 | AI18: 2510 | AJ18: =AI18-D18
A19: 7 | B19: 3F | C19: SL No 540430038843 (EB Unit) | D19: 109964 | E19: 110764 | F19: 111416 | G19: 112077 | H19: 112739 | I19: 113317 | J19: 113782 | K19: 114082 | L19: 114644 | M19: 115361 | N19: 115951 | O19: 116562 | P19: 117123 | Q19: 117600 | R19: 117970 | S19: 118563 | T19: 119149 | U19: 119733 | V19: 120427 | W19: 121003 | X19: 121482 | Y19: 121925 | Z19: 122610 | AA19: 123242 | AB19: 123975 | AC19: 124630 | AD19: 125296 | AE19: 125863 | AF19: 126392 | AG19: 126986 | AH19: 127494 | AI19: 127802 | AJ19: =AI19-D19
C20: DG | D20: 5120 | E20: 5217 | F20: 5217 | G20: 5217 | H20: 5217 | I20: 5236 | J20: 5288 | K20: 5300 | L20: 5380 | M20: 5380 | N20: 5525 | O20: 5561 | P20: 5662 | Q20: 5796 | R20: 5796 | S20: 5845 | T20: 5951 | U20: 6051 | V20: 6051 | W20: 6109 | X20: 6152 | Y20: 6152 | Z20: 6152 | AA20: 6186 | AB20: 6186 | AC20: 6213 | AD20: 6213 | AE20: 6216 | AF20: 6216 | AG20: 6344 | AH20: 6554 | AI20: 6554 | AJ20: =AI20-D20
A21: 8 | B21: 3F | C21: SL No 540430038848 (EB Unit) | D21: 23959 | E21: 24164 | F21: 24290 | G21: 24433 | H21: 24558 | I21: 24681 | J21: 24790 | K21: 24929 | L21: 25036 | M21: 25164 | N21: 25257 | O21: 25372 | P21: 25460 | Q21: 25564 | R21: 25675 | S21: 25800 | T21: 25883 | U21: 26009 | V21: 26114 | W21: 26232 | X21: 26332 | Y21: 26448 | Z21: 26583 | AA21: 26736 | AB21: 26866 | AC21: 26984 | AD21: 27102 | AE21: 27231 | AF21: 27310 | AG21: 27428 | AH21: 27512 | AI21: 27550 | AJ21: =AI21-D21
C22: DG | D22: 969 | E22: 987 | F22: 987 | G22: 987 | H22: 987 | I22: 991 | J22: 1009 | K22: 1024 | L22: 1036 | M22: 1036 | N22: 1056 | O22: 1063 | P22: 1080 | Q22: 1135 | R22: 1135 | S22: 1141 | T22: 1168 | U22: 1184 | V22: 1184 | W22: 1187 | X22: 1192 | Y22: 1192 | Z22: 1192 | AA22: 1197 | AB22: 1197 | AC22: 1201 | AD22: 1201 | AE22: 1201 | AF22: 1201 | AG22: 1222 | AH22: 1261 | AI22: 1261 | AJ22: =AI22-D22
A24: 1 | B24: 3F | C24: AHU1 | D24: 10907 | E24: 10960 | F24: 11053 | G24: 11138 | H24: 11205 | I24: 11270 | J24: 11311 | K24: 11311 | L24: 11406 | M24: 11516 | N24: 11588 | O24: 11678 | P24: 11757 | Q24: 11797 | R24: 11797 | S24: 11883 | T24: 11973 | U24: 12059 | V24: 12180 | W24: 12289 | X24: 12344 | Y24: 12344 | Z24: 12476 | AA24: 12591 | AB24: 12706 | AC24: 12812 | AD24: 12926 | AE24: 12977 | AF24: 12977 | AG24: 13063 | AH24: 13118 | AI24: 13170 | AJ24: =AI24-D24
C25: DG | D25: 895 | E25: 895 | F25: 895 | G25: 895 | H25: 895 | I25: 895 | J25: 895 | K25: 895 | L25: 913 | M25: 913 | N25: 943 | O25: 951 | P25: 967 | Q25: 982 | R25: 982 | S25: 991 | T25: 1016 | U25: 1039 | V25: 1039 | W25: 1052 | X25: 1066 | Y25: 1066 | Z25: 1066 | AA25: 1074 | AB25: 1074 | AC25: 1080 | AD25: 1080 | AE25: 1080 | AF25: 1080 | AG25: 1109 | AH25: 1153 | AI25: 1153 | AJ25: =AI25-D25
A26: 2 | B26: 3F | C26: AHU2 | D26: 10321 | E26: 10416 | F26: 10520 | G26: 10618 | H26: 10712 | I26: 10798 | J26: 10855 | K26: 10855 | L26: 10959 | M26: 11068 | N26: 11142 | O26: 11234 | P26: 11291 | Q26: 11312 | R26: 11312 | S26: 11405 | T26: 11462 | U26: 11545 | V26: 11619 | W26: 11687 | X26: 11714 | Y26: 11714 | Z26: 11846 | AA26: 11930 | AB26: 12004 | AC26: 12070 | AD26: 12149 | AE26: 12187 | AF26: 12187 | AG26: 12266 | AH26: 12323 | AI26: 12367 | AJ26: =AI26-D26
C27: DG | D27: 903 | E27: 926 | F27: 926 | G27: 926 | H27: 926 | I27: 930 | J27: 930 | K27: 930 | L27: 950 | M27: 950 | N27: 988 | O27: 996 | P27: 1010 | Q27: 1019 | R27: 1019 | S27: 1030 | T27: 1052 | U27: 1075 | V27: 1075 | W27: 1083 | X27: 1092 | Y27: 1092 | Z27: 1092 | AA27: 1097 | AB27: 1097 | AC27: 1101 | AD27: 1101 | AE27: 1101 | AF27: 1101 | AG27: 1128 | AH27: 1175 | AI27: 1175 | AJ27: =AI27-D27
A28: 3 | B28: 3F | C28: AHU3 | D28: 8764 | E28: 8862 | F28: 8985 | G28: 9103 | H28: 9219 | I28: 9321 | J28: 9389 | K28: 9389 | L28: 9494 | M28: 9612 | N28: 9689 | O28: 9791 | P28: 9887 | Q28: 9930 | R28: 9930 | S28: 10039 | T28: 10124 | U28: 10210 | V28: 10332 | W28: 10444 | X28: 10489 | Y28: 10489 | Z28: 10624 | AA28: 10741 | AB28: 10862 | AC28: 10973 | AD28: 11089 | AE28: 11149 | AF28: 11149 | AG28: 11238 | AH28: 11296 | AI28: 11346 | AJ28: =AI28-D28
C29: DG | D29: 923 | E29: 946 | F29: 946 | G29: 946 | H29: 946 | I29: 951 | J29: 951 | K29: 951 | L29: 970 | M29: 970 | N29: 993 | O29: 1002 | P29: 1021 | Q29: 1039 | R29: 1039 | S29: 1050 | T29: 1075 | U29: 1098 | V29: 1098 | W29: 1112 | X29: 1126 | Y29: 1126 | Z29: 1126 | AA29: 1134 | AB29: 1134 | AC29: 1141 | AD29: 1141 | AE29: 1141 | AF29: 1141 | AG29: 1171 | AH29: 1218 | AI29: 1218 | AJ29: =AI29-D29
A30: 4 | B30: 3F | C30: AHU4 | D30: 8579 | E30: 8687 | F30: 8796 | G30: 8898 | H30: 9002 | I30: 9094 | J30: 9161 | K30: 9161 | L30: 9254 | M30: 9359 | N30: 9432 | O30: 9523 | P30: 9605 | Q30: 9641 | R30: 9641 | S30: 9738 | T30: 9825 | U30: 9908 | V30: 10022 | W30: 10126 | X30: 10168 | Y30: 10168 | Z30: 10305 | AA30: 10412 | AB30: 10519 | AC30: 10614 | AD30: 10719 | AE30: 10778 | AF30: 10778 | AG30: 10865 | AH30: 10920 | AI30: 10968 | AJ30: =AI30-D30
C31: DG | D31: 782 | E31: 782 | F31: 782 | G31: 782 | H31: 782 | I31: 782 | J31: 782 | K31: 782 | L31: 800 | M31: 800 | N31: 831 | O31: 839 | P31: 855 | Q31: 870 | R31: 870 | S31: 881 | T31: 905 | U31: 927 | V31: 927 | W31: 939 | X31: 952 | Y31: 952 | Z31: 952 | AA31: 959 | AB31: 959 | AC31: 965 | AD31: 965 | AE31: 965 | AF31: 965 | AG31: 993 | AH31: 1038 | AI31: 1038 | AJ31: =AI31-D31
A33: 1 | B33: 3F | C33: AHU1 - BTU | D33: 83302.6 | E33: 84492.81 | F33: 85513.26 | G33: 86362.28 | H33: 87014.04 | I33: 87636.97 | J33: 88092.45 | K33: 88092.45 | L33: 89275.93 | M33: 90140.84 | N33: 91071.91 | O33: 91799.95 | P33: 92376.86 | Q33: 92727.48 | R33: 92727.48 | S33: 93836.99 | T33: 94902.87 | U33: 95903.87 | V33: 96822.71 | W33: 97676.98 | X33: 98086.94 | Y33: 98086.94 | Z33: 99242.89 | AA33: 100102.18 | AB33: 100772.31 | AC33: 101510.24 | AD33: 102180.17 | AE33: 102780.19 | AF33: 102780.19 | AG33: 103987.75 | AH33: 105032.88 | AI33: 105491.36 | AJ33: =AI33-D33
A34: 2 | B34: 3F | C34: AHU2 - BTU | D34: 84127.73 | E34: 85305.72 | F34: 86276.34 | G34: 86980.43 | H34: 87602.88 | I34: 88229.4 | J34: 88611.63 | K34: 88611.63 | L34: 89579.5 | M34: 90300.59 | N34: 90966.53 | O34: 91644.45 | P34: 92346.13 | Q34: 92702.58 | R34: 92702.58 | S34: 93840.79 | T34: 95017.02 | U34: 96125.75 | V34: 97180.62 | W34: 98288.49 | X34: 98831.3 | Y34: 98831.3 | Z34: 99912.99 | AA34: 100776.4 | AB34: 101417.81 | AC34: 102127.1 | AD34: 102814.43 | AE34: 103407.45 | AF34: 103407.45 | AG34: 104749.8 | AH34: 105990.3 | AI34: 106652.85 | AJ34: =AI34-D34
A35: 3 | B35: 3F | C35: AHU3 - BTU | D35: 87129.6 | E35: 88682.99 | F35: 90084.28 | G35: 91225.43 | H35: 92233.48 | I35: 92972.06 | J35: 93375.03 | K35: 93375.03 | L35: 94552.08 | M35: 95527 | N35: 96364.35 | O35: 97159.45 | P35: 97989.09 | Q35: 98468.28 | R35: 98468.28 | S35: 99710.67 | T35: 100924.95 | U35: 101985.66 | V35: 103070.78 | W35: 104231.5 | X35: 104721.24 | Y35: 104721.24 | Z35: 106078.15 | AA35: 107218.94 | AB35: 108099.17 | AC35: 109098.62 | AD35: 109972.01 | AE35: 110690.71 | AF35: 110690.71 | AG35: 111928.79 | AH35: 113016.93 | AI35: 113637.95 | AJ35: =AI35-D35
A36: 4 | B36: 3F | C36: AHU4 - BTU | D36: 103444.13 | E36: 105005.48 | F36: 106194 | G36: 107109.01 | H36: 107938.18 | I36: 108949.38 | J36: 109519.11 | K36: 109519.11 | L36: 110842.3 | M36: 111768.06 | N36: 112732.5 | O36: 113902.85 | P36: 114846.4 | Q36: 115336.17 | R36: 115336.17 | S36: 116789.55 | T36: 118073.23 | U36: 119179.1 | V36: 120123.97 | W36: 121035.88 | X36: 121447.42 | Y36: 121447.42 | Z36: 122863.19 | AA36: 124003.25 | AB36: 124903.96 | AC36: 125819.93 | AD36: 126755.64 | AE36: 127503.13 | AF36: 127503.13 | AG36: 128925.27 | AH36: 130141.18 | AI36: 130737.1 | AJ36: =AI36-D36
B39: Daily Energy Report
B40: Electricity Consumption
A41: Sr.No | B41: Location | C41: Meter | E41: =E3 | F41: =F3 | G41: =G3 | H41: =H3 | I41: =I3 | J41: =J3 | K41: =K3 | L41: =L3 | ... AI41: =AI3 | AJ41: Consumption
E42: =E4 | F42: =F4 | G42: =G4 | H42: =H4 | I42: =I4 | J42: =J4 | K42: =K4 | L42: =L4 | ... AI42: =AI4
E43: Time | F43: Time | G43: Time | H43: Time | I43: Time | J43: Time | K43: Time | L43: Time | M43: Time | N43: Time | O43: Time | P43: Time | Q43: Time | R43: Time | S43: Time | T43: Time | U43: Time | V43: Time | W43: Time | X43: Time | Y43: Time | Z43: Time | AA43: Time | AB43: Time | AC43: Time | AD43: Time | AE43: Time | AF43: Time | AG43: Time | AH43: Time | AI43: Time
E44: 0.33333333 | F44: 0.33333333 | G44: 0.33333333 | H44: 0.33333333 | I44: 0.33333333 | J44: 0.33333333 | K44: 0.33333333 | L44: 0.33333333 | M44: 0.33333333 | N44: 0.33333333 | O44: 0.33333333 | P44: 0.33333333 | Q44: 0.33333333 | R44: 0.33333333 | S44: 0.33333333 | T44: 0.33333333 | U44: 0.33333333 | V44: 0.33333333 | W44: 0.33333333 | X44: 0.33333333 | Y44: 0.33333333 | Z44: 0.33333333 | AA44: 0.33333333 | AB44: 0.33333333 | AC44: 0.33333333 | AD44: 0.33333333 | AE44: 0.33333333 | AF44: 0.33333333 | AG44: 0.33333333 | AH44: 0.33333333 | AI44: 0.33333333
A45: 1 | B45: 3F | C45: SL No 540430038840 (EB Unit) | E45: =E7-D7 | F45: =F7-E7 | G45: =G7-F7 | H45: =H7-G7 | I45: =I7-H7 | J45: =J7-I7 | K45: =K7-J7 | L45: =L7-K7 | ... AI45: =AI7-AH7 | AJ45: =SUM(E45:AI45)
C46: DG | E46: =E8-D8 | F46: =F8-E8 | G46: =G8-F8 | H46: =H8-G8 | I46: =I8-H8 | J46: =J8-I8 | K46: =K8-J8 | L46: =L8-K8 | ... AI46: =AI8-AH8 | AJ46: =SUM(E46:AI46)
A47: 2 | B47: 3F | C47: SL No 540430038845 (EB Unit) | E47: =E9-D9 | F47: =F9-E9 | G47: =G9-F9 | H47: =H9-G9 | I47: =I9-H9 | J47: =J9-I9 | K47: =K9-J9 | L47: =L9-K9 | ... AI47: =AI9-AH9 | AJ47: =SUM(E47:AI47)
C48: DG | E48: =E10-D10 | F48: =F10-E10 | G48: =G10-F10 | H48: =H10-G10 | I48: =I10-H10 | J48: =J10-I10 | K48: =K10-J10 | L48: =L10-K10 | ... AI48: =AI10-AH10 | AJ48: =SUM(E48:AI48)
A49: 3 | B49: 3F | C49: SL No 540430038844 (EB Unit) | E49: =E11-D11 | F49: =F11-E11 | G49: =G11-F11 | H49: =H11-G11 | I49: =I11-H11 | J49: =J11-I11 | K49: =K11-J11 | L49: =L11-K11 | ... AI49: =AI11-AH11 | AJ49: =SUM(E49:AI49)
C50: DG | E50: =E12-D12 | F50: =F12-E12 | G50: =G12-F12 | H50: =H12-G12 | I50: =I12-H12 | J50: =J12-I12 | K50: =K12-J12 | L50: =L12-K12 | ... AI50: =AI12-AH12 | AJ50: =SUM(E50:AI50)
A51: 4 | B51: 3F | C51: SL No 540430038821 (EB Unit) | E51: =E13-D13 | F51: =F13-E13 | G51: =G13-F13 | H51: =H13-G13 | I51: =I13-H13 | J51: =J13-I13 | K51: =K13-J13 | L51: =L13-K13 | ... AI51: =AI13-AH13 | AJ51: =SUM(E51:AI51)
C52: DG | E52: =E14-D14 | F52: =F14-E14 | G52: =G14-F14 | H52: =H14-G14 | I52: =I14-H14 | J52: =J14-I14 | K52: =K14-J14 | L52: =L14-K14 | ... AI52: =AI14-AH14 | AJ52: =SUM(E52:AI52)
A53: 5 | B53: 3F | C53: SL No 540430038849 (EB Unit) | E53: =E15-D15 | F53: =F15-E15 | G53: =G15-F15 | H53: =H15-G15 | I53: =I15-H15 | J53: =J15-I15 | K53: =K15-J15 | L53: =L15-K15 | ... AI53: =AI15-AH15 | AJ53: =SUM(E53:AI53)
C54: DG | E54: =E16-D16 | F54: =F16-E16 | G54: =G16-F16 | H54: =H16-G16 | I54: =I16-H16 | J54: =J16-I16 | K54: =K16-J16 | L54: =L16-K16 | ... AI54: =AI16-AH16 | AJ54: =SUM(E54:AI54)
A55: 6 | B55: 3F | C55: SL No 540430038696 (EB Unit) | E55: =E17-D17 | F55: =F17-E17 | G55: =G17-F17 | H55: =H17-G17 | I55: =I17-H17 | J55: =J17-I17 | K55: =K17-J17 | L55: =L17-K17 | ... AI55: =AI17-AH17 | AJ55: =SUM(E55:AI55)
C56: DG | E56: =E18-D18 | F56: =F18-E18 | G56: =G18-F18 | H56: =H18-G18 | I56: =I18-H18 | J56: =J18-I18 | K56: =K18-J18 | L56: =L18-K18 | ... AI56: =AI18-AH18 | AJ56: =SUM(E56:AI56)
A57: 7 | B57: 3F | C57: SL No 540430038843 (EB Unit) | E57: =E19-D19 | F57: =F19-E19 | G57: =G19-F19 | H57: =H19-G19 | I57: =I19-H19 | J57: =J19-I19 | K57: =K19-J19 | L57: =L19-K19 | ... AI57: =AI19-AH19 | AJ57: =SUM(E57:AI57)
C58: DG | E58: =E20-D20 | F58: =F20-E20 | G58: =G20-F20 | H58: =H20-G20 | I58: =I20-H20 | J58: =J20-I20 | K58: =K20-J20 | L58: =L20-K20 | ... AI58: =AI20-AH20 | AJ58: =SUM(E58:AI58)
A59: 8 | B59: 3F | C59: SL No 540430038848 (EB Unit) | E59: =E21-D21 | F59: =F21-E21 | G59: =G21-F21 | H59: =H21-G21 | I59: =I21-H21 | J59: =J21-I21 | K59: =K21-J21 | L59: =L21-K21 | ... AI59: =AI21-AH21 | AJ59: =SUM(E59:AI59)
C60: DG | E60: =E22-D22 | F60: =F22-E22 | G60: =G22-F22 | H60: =H22-G22 | I60: =I22-H22 | J60: =J22-I22 | K60: =K22-J22 | L60: =L22-K22 | ... AI60: =AI22-AH22 | AJ60: =SUM(E60:AI60)
C61: Total Power - EB Unit | E61: =SUM(E59,E57,E55,E53,E51,E49,E47,E45) | F61: =SUM(F59,F57,F55,F53,F51,F49,F47,F45) | G61: =SUM(G59,G57,G55,G53,G51,G49,G47,G45) | H61: =SUM(H59,H57,H55,H53,H51,H49,H47,H45) | I61: =SUM(I59,I57,I55,I53,I51,I49,I47,I45) | J61: =SUM(J59,J57,J55,J53,J51,J49,J47,J45) | K61: =SUM(K59,K57,K55,K53,K51,K49,K47,K45) | L61: =SUM(L59,L57,L55,L53,L51,L49,L47,L45) | ... AI61: =SUM(AI59,AI57,AI55,AI53,AI51,AI49,AI47,AI45) | AJ61: =SUM(E61:AI61) | AK61: EB | AL61: =AJ61
C62: Total Power- DG | E62: =SUM(E46,E48,E50,E52,E54,E56,E58,E60) | F62: =SUM(F46,F48,F50,F52,F54,F56,F58,F60) | G62: =SUM(G46,G48,G50,G52,G54,G56,G58,G60) | H62: =SUM(H46,H48,H50,H52,H54,H56,H58,H60) | I62: =SUM(I46,I48,I50,I52,I54,I56,I58,I60) | J62: =SUM(J46,J48,J50,J52,J54,J56,J58,J60) | K62: =SUM(K46,K48,K50,K52,K54,K56,K58,K60) | L62: =SUM(L46,L48,L50,L52,L54,L56,L58,L60) | ... AI62: =SUM(AI46,AI48,AI50,AI52,AI54,AI56,AI58,AI60) | AJ62: =SUM(E62:AI62) | AK62: AHU | AL62: =AJ74
C63: Total Power Cumulative | E63: =E61 | F63: =E63+F61 | G63: =F63+G61 | H63: =G63+H61 | I63: =H63+I61 | J63: =I63+J61 | K63: =J63+K61 | L63: =K63+L61 | M63: =L63+M61 | ... AI63: =AH63+AI61 | AJ63: =AG63+AJ61 | AK63: BTU | AL63: =AJ80*40%
AK64: DG | AL64: =AJ62+AJ75
A65: S No | B65: Location | C65: Meter
A66: 1 | B66: 3F | C66: AHU1 | E66: =E24-D24 | F66: =F24-E24 | G66: =G24-F24 | H66: =H24-G24 | I66: =I24-H24 | J66: =J24-I24 | K66: =K24-J24 | L66: =L24-K24 | ... AI66: =AI24-AH24 | AJ66: =SUM(E66:AI66)
C67: DG | E67: =E25-D25 | F67: =F25-E25 | G67: =G25-F25 | H67: =H25-G25 | I67: =I25-H25 | J67: =J25-I25 | K67: =K25-J25 | L67: =L25-K25 | ... AI67: =AI25-AH25 | AJ67: =SUM(E67:AI67)
A68: 2 | B68: 3F | C68: AHU2 | E68: =E26-D26 | F68: =F26-E26 | G68: =G26-F26 | H68: =H26-G26 | I68: =I26-H26 | J68: =J26-I26 | K68: =K26-J26 | L68: =L26-K26 | ... AI68: =AI26-AH26 | AJ68: =SUM(E68:AI68)
C69: DG | E69: =E27-D27 | F69: =F27-E27 | G69: =G27-F27 | H69: =H27-G27 | I69: =I27-H27 | J69: =J27-I27 | K69: =K27-J27 | L69: =L27-K27 | ... AI69: =AI27-AH27 | AJ69: =SUM(E69:AI69)
A70: 3 | B70: 3F | C70: AHU3 | E70: =E28-D28 | F70: =F28-E28 | G70: =G28-F28 | H70: =H28-G28 | I70: =I28-H28 | J70: =J28-I28 | K70: =K28-J28 | L70: =L28-K28 | ... AI70: =AI28-AH28 | AJ70: =SUM(E70:AI70)
C71: DG | E71: =E29-D29 | F71: =F29-E29 | G71: =G29-F29 | H71: =H29-G29 | I71: =I29-H29 | J71: =J29-I29 | K71: =K29-J29 | L71: =L29-K29 | ... AI71: =AI29-AH29 | AJ71: =SUM(E71:AI71)
A72: 4 | B72: 3F | C72: AHU4 | E72: =E30-D30 | F72: =F30-E30 | G72: =G30-F30 | H72: =H30-G30 | I72: =I30-H30 | J72: =J30-I30 | K72: =K30-J30 | L72: =L30-K30 | ... AI72: =AI30-AH30 | AJ72: =SUM(E72:AI72)
C73: DG | E73: =E31-D31 | F73: =F31-E31 | G73: =G31-F31 | H73: =H31-G31 | I73: =I31-H31 | J73: =J31-I31 | K73: =K31-J31 | L73: =L31-K31 | ... AI73: =AI31-AH31 | AJ73: =SUM(E73:AI73)
C74: Total AHU Power Consumption | E74: =SUM(E66,E68,E70,E72) | F74: =SUM(F66,F68,F70,F72) | G74: =SUM(G66,G68,G70,G72) | H74: =SUM(H66,H68,H70,H72) | I74: =SUM(I66,I68,I70,I72) | J74: =SUM(J66,J68,J70,J72) | K74: =SUM(K66,K68,K70,K72) | L74: =SUM(L66,L68,L70,L72) | ... AI74: =SUM(AI66,AI68,AI70,AI72) | AJ74: =SUM(E74:AI74)
C75: Total AHU DG consumption | E75: =SUM(E67,E69,E71,E73) | F75: =SUM(F67,F69,F71,F73) | G75: =SUM(G67,G69,G71,G73) | H75: =SUM(H67,H69,H71,H73) | I75: =SUM(I67,I69,I71,I73) | J75: =SUM(J67,J69,J71,J73) | K75: =SUM(K67,K69,K71,K73) | L75: =SUM(L67,L69,L71,L73) | ... AI75: =SUM(AI67,AI69,AI71,AI73) | AJ75: =SUM(E75:AI75)
A76: 1 | B76: 3F | C76: AHU1 - BTU | E76: =E33-D33 | F76: =F33-E33 | G76: =G33-F33 | H76: =H33-G33 | I76: =I33-H33 | J76: =J33-I33 | K76: =K33-J33 | L76: =L33-K33 | ... AI76: =AI33-AH33 | AJ76: =SUM(E76:AI76)
A77: 2 | B77: 3F | C77: AHU2 - BTU | E77: =E34-D34 | F77: =F34-E34 | G77: =G34-F34 | H77: =H34-G34 | I77: =I34-H34 | J77: =J34-I34 | K77: =K34-J34 | L77: =L34-K34 | ... AI77: =AI34-AH34 | AJ77: =SUM(E77:AI77)
A78: 3 | B78: 3F | C78: AHU3 - BTU | E78: =E35-D35 | F78: =F35-E35 | G78: =G35-F35 | H78: =H35-G35 | I78: =I35-H35 | J78: =J35-I35 | K78: =K35-J35 | L78: =L35-K35 | ... AI78: =AI35-AH35 | AJ78: =SUM(E78:AI78)
A79: 4 | B79: 3F | C79: AHU4 - BTU | E79: =E36-D36 | F79: =F36-E36 | G79: =G36-F36 | H79: =H36-G36 | I79: =I36-H36 | J79: =J36-I36 | K79: =K36-J36 | L79: =L36-K36 | ... AI79: =AI36-AH36 | AJ79: =SUM(E79:AI79)
C80: Total BTU Consumption | E80: =SUM(E76:E79) | F80: =SUM(F76:F79) | G80: =SUM(G76:G79) | H80: =SUM(H76:H79) | I80: =SUM(I76:I79) | J80: =SUM(J76:J79) | K80: =SUM(K76:K79) | L80: =SUM(L76:L79) | ... AJ80: =SUM(AJ76:AJ79)

Sheet August 24
E2: August 2024
A3: Sr.No | B3: Location | C3: Meter | D3: Previous Reading | E3: 45505 | F3: 45506 | G3: 45507 | H3: 45508 | I3: 45509 | J3: 45510 | K3: 45511 | L3: 45512 | M3: 45513 | N3: 45514 | O3: 45515 | P3: 45516 | Q3: 45517 | R3: 45518 | S3: 45519 | T3: 45520 | U3: 45521 | V3: 45522 | W3: 45523 | X3: 45524 | Y3: 45525 | Z3: 45526 | AA3: 45527 | AB3: 45528 | AC3: 45529 | AD3: 45530 | AE3: 45531 | AF3: 45532 | AG3: 45533 | AH3: 45534 | AI3: 45535 | AJ3: Consumption
E4: Thu | F4: Fri | G4: Sat | H4: Sun | I4: Mon | J4: Tue | K4: Wed | L4: Thu | M4: Fri | N4: Sat | O4: Sun | P4: Mon | Q4: Tue | R4: Wed | S4: Thu | T4: Fri | U4: Sat | V4: Sun | W4: Mon | X4: Tue | Y4: Wed | Z4: Thu | AA4: Fri | AB4: Sat | AC4: Sun | AD4: Mon | AE4: Tue | AF4: Wed | AG4: Thu | AH4: Fri | AI4: Sat
E5: Time | F5: Time | G5: Time | H5: Time | I5: Time | J5: Time | K5: Time | L5: Time | M5: Time | N5: Time | O5: Time | P5: Time | Q5: Time | R5: Time | S5: Time | T5: Time | U5: Time | V5: Time | W5: Time | X5: Time | Y5: Time | Z5: Time | AA5: Time | AB5: Time | AC5: Time | AD5: Time | AE5: Time | AF5: Time | AG5: Time | AH5: Time | AI5: Time
E6: 0.33333333 | F6: 0.33333333 | G6: 0.33333333 | H6: 0.33333333 | I6: 0.33333333 | J6: 0.33333333 | K6: 0.33333333 | L6: 0.33333333 | M6: 0.33333333 | N6: 0.33333333 | O6: 0.33333333 | P6: 0.33333333 | Q6: 0.33333333 | R6: 0.33333333 | S6: 0.33333333 | T6: 0.33333333 | U6: 0.33333333 | V6: 0.33333333 | W6: 0.33333333 | X6: 0.33333333 | Y6: 0.33333333 | Z6: 0.33333333 | AA6: 0.33333333 | AB6: 0.33333333 | AC6: 0.33333333 | AD6: 0.33333333 | AE6: 0.33333333 | AF6: 0.33333333 | AG6: 0.33333333 | AH6: 0.33333333 | AI6: 0.33333333
A7: 1 | B7: 3F | C7: SL No 540430038840 (EB Unit) | D7: 41074 | E7: 41292 | F7: 41545 | G7: 41745 | H7: 41958 | I7: 42213 | J7: 42455 | K7: 42726 | L7: 42987 | M7: 43247 | N7: 43388 | O7: 43608 | P7: 43857 | Q7: 44134 | R7: 44350 | S7: 44572 | T7: 44798 | U7: 45018 | V7: 45239 | W7: 45475 | X7: 45714 | Y7: 45930 | Z7: 46195 | AA7: 46460 | AB7: 46675 | AC7: 46884 | AD7: 47000 | AE7: 47266 | AF7: 47531 | AG7: 47790 | AH7: 48054 | AI7: 48175 | AJ7: =AI7-D7
C8: DG | D8: 2322 | E8: 2496 | F8: 2496 | G8: 2507 | H8: 2510 | I8: 2510 | J8: 2537 | K8: 2537 | L8: 2537 | M8: 2537 | N8: 2553 | O8: 2553 | P8: 2553 | Q8: 2553 | R8: 2627 | S8: 2627 | T8: 2627 | U8: 2627 | V8: 2627 | W8: 2627 | X8: 2646 | Y8: 2677 | Z8: 2677 | AA8: 2677 | AB8: 2677 | AC8: 2680 | AD8: 2836 | AE8: 2836 | AF8: 2836 | AG8: 2836 | AH8: 2836 | AI8: 2836 | AJ8: =AI8-D8
A9: 2 | B9: 3F | C9: SL No 540430038845 (EB Unit) | D9: 1956 | E9: 1956 | F9: 1956 | G9: 1956 | H9: 1956 | I9: 1956 | J9: 1956 | K9: 1956 | L9: 1956 | M9: 1956 | N9: 1956 | O9: 1956 | P9: 1956 | Q9: 1956 | R9: 1956 | S9: 1956 | T9: 1956 | U9: 1956 | V9: 1956 | W9: 1956 | X9: 1956 | Y9: 1956 | Z9: 1956 | AA9: 1956 | AB9: 1956 | AC9: 1956 | AD9: 1956 | AE9: 1956 | AF9: 1956 | AG9: 1956 | AH9: 1956 | AI9: 1956 | AJ9: =AI9-D9
C10: DG | D10: 28.6 | E10: 28.6 | F10: 28.6 | G10: 28.6 | H10: 28.6 | I10: 28.6 | J10: 28.6 | K10: 28.6 | L10: 28.6 | M10: 28.6 | N10: 28.6 | O10: 28.6 | P10: 28.6 | Q10: 28.6 | R10: 28.6 | S10: 28.6 | T10: 28.6 | U10: 28.6 | V10: 28.6 | W10: 28.6 | X10: 28.6 | Y10: 28.6 | Z10: 28.6 | AA10: 28.6 | AB10: 28.6 | AC10: 28.6 | AD10: 28.6 | AE10: 28.6 | AF10: 28.6 | AG10: 28.6 | AH10: 28.6 | AI10: 28.6 | AJ10: =AI10-D10
A11: 3 | B11: 3F | C11: SL No 540430038844 (EB Unit) | D11: 63982 | E11: 64304 | F11: 64662 | G11: 64937 | H11: 65202 | I11: 65567 | J11: 65911 | K11: 66298 | L11: 66669 | M11: 67003 | N11: 67211 | O11: 67499 | P11: 67852 | Q11: 68253 | R11: 68559 | S11: 68848 | T11: 69160 | U11: 69449 | V11: 69739 | W11: 70055 | X11: 70397 | Y11: 70708 | Z11: 71088 | AA11: 71457 | AB11: 71751 | AC11: 72031 | AD11: 72143 | AE11: 72563 | AF11: 72953 | AG11: 73330 | AH11: 73700 | AI11: 73860 | AJ11: =AI11-D11
C12: DG | D12: 3540 | E12: 3782 | F12: 3782 | G12: 3791 | H12: 3801 | I12: 3801 | J12: 3845 | K12: 3845 | L12: 3845 | M12: 3845 | N12: 3918 | O12: 3918 | P12: 3918 | Q12: 3918 | R12: 3971 | S12: 3971 | T12: 3971 | U12: 3971 | V12: 3971 | W12: 3971 | X12: 3996 | Y12: 4045 | Z12: 4045 | AA12: 4045 | AB12: 4045 | AC12: 4048 | AD12: 4287 | AE12: 4287 | AF12: 4287 | AG12: 4287 | AH12: 4287 | AI12: 4287 | AJ12: =AI12-D12
A13: 4 | B13: 3F | C13: SL No 540430038821 (EB Unit) | D13: 0 | E13: 0 | F13: 0 | G13: 0 | H13: 0 | I13: 0 | J13: 0 | K13: 0 | L13: 0 | M13: 0 | N13: 0 | O13: 0 | P13: 0 | Q13: 0 | R13: 0 | S13: 0 | T13: 0 | U13: 0 | V13: 0 | W13: 0 | X13: 0 | Y13: 0 | Z13: 0 | AA13: 0 | AB13: 0 | AC13: 0 | AD13: 0 | AE13: 0 | AF13: 0 | AG13: 0 | AH13: 0 | AI13: 0 | AJ13: =AI13-D13
C14: DG | D14: 0 | E14: 0 | F14: 0 | G14: 0 | H14: 0 | I14: 0 | J14: 0 | K14: 0 | L14: 0 | M14: 0 | N14: 0 | O14: 0 | P14: 0 | Q14: 0 | R14: 0 | S14: 0 | T14: 0 | U14: 0 | V14: 0 | W14: 0 | X14: 0 | Y14: 0 | Z14: 0 | AA14: 0 | AB14: 0 | AC14: 0 | AD14: 0 | AE14: 0 | AF14: 0 | AG14: 0 | AH14: 0 | AI14: 0 | AJ14: =AI14-D14
A15: 5 | B15: 3F | C15: SL No 540430038849 (EB Unit) | D15: 25219 | E15: 25390 | F15: 25572 | G15: 25672 | H15: 25772 | I15: 25965 | J15: 26141 | K15: 26340 | L15: 26534 | M15: 26716 | N15: 26799 | O15: 26922 | P15: 27180 | Q15: 27319 | R15: 27472 | S15: 27576 | T15: 27745 | U15: 27845 | V15: 27949 | W15: 28106 | X15: 28297 | Y15: 28458 | Z15: 28637 | AA15: 28817 | AB15: 28922 | AC15: 29025 | AD15: 29089 | AE15: 29290 | AF15: 29498 | AG15: 29699 | AH15: 29895 | AI15: 29957 | AJ15: =AI15-D15
C16: DG | D16: 1771 | E16: 1882 | F16: 1882 | G16: 1885 | H16: 1888 | I16: 1888 | J16: 1910 | K16: 1910 | L16: 1910 | M16: 1910 | N16: 1944 | O16: 1944 | P16: 1944 | Q16: 1944 | R16: 1971 | S16: 1971 | T16: 1971 | U16: 1971 | V16: 1971 | W16: 1971 | X16: 1982 | Y16: 2012 | Z16: 2012 | AA16: 2012 | AB16: 2012 | AC16: 2014 | AD16: 2151 | AE16: 2151 | AF16: 2151 | AG16: 2151 | AH16: 2151 | AI16: 2151 | AJ16: =AI16-D16
A17: 6 | B17: 3F | C17: SL No 540430038646 (EB Unit) | D17: 37338 | E17: 37540 | F17: 37743 | G17: 37847 | H17: 37945 | I17: 38158 | J17: 38386 | K17: 38620 | L17: 38835 | M17: 39036 | N17: 39099 | O17: 39191 | P17: 39377 | Q17: 39601 | R17: 39768 | S17: 39866 | T17: 40049 | U17: 40185 | V17: 40310 | W17: 40531 | X17: 40742 | Y17: 40915 | Z17: 41138 | AA17: 41366 | AB17: 41483 | AC17: 41611 | AD17: 41663 | AE17: 41884 | AF17: 42089 | AG17: 42301 | AH17: 42507 | AI17: 42580 | AJ17: =AI17-D17
C18: DG | D18: 2510 | E18: 2624 | F18: 2624 | G18: 2625 | H18: 2633 | I18: 2633 | J18: 2665 | K18: 2665 | L18: 2665 | M18: 2665 | N18: 2700 | O18: 2700 | P18: 2700 | Q18: 2700 | R18: 2730 | S18: 2730 | T18: 2730 | U18: 2730 | V18: 2730 | W18: 2730 | X18: 2734 | Y18: 2767 | Z18: 2767 | AA18: 2767 | AB18: 2767 | AC18: 2768 | AD18: 2930 | AE18: 2930 | AF18: 2930 | AG18: 2930 | AH18: 2930 | AI18: 2930 | AJ18: =AI18-D18
A19: 7 | B19: 3F | C19: SL No 540430038843 (EB Unit) | D19: 127802 | E19: 128427 | F19: 129091 | G19: 129579 | H19: 130035 | I19: 130676 | J19: 131286 | K19: 132012 | L19: 132712 | M19: 133384 | N19: 133764 | O19: 134284 | P19: 134875 | Q19: 135663 | R19: 136252 | S19: 136421 | T19: 136974 | U19: 137523 | V19: 138070 | W19: 138736 | X19: 139410 | Y19: 139972 | Z19: 140644 | AA19: 141324 | AB19: 141882 | AC19: 142364 | AD19: 142601 | AE19: 143300 | AF19: 143982 | AG19: 144684 | AH19: 145419 | AI19: 145691 | AJ19: =AI19-D19
C20: DG | D20: 6554 | E20: 7051 | F20: 7051 | G20: 7075 | H20: 7091 | I20: 7091 | J20: 7155 | K20: 7155 | L20: 7155 | M20: 7155 | N20: 7336 | O20: 7336 | P20: 7336 | Q20: 7336 | R20: 7421 | S20: 7421 | T20: 7421 | U20: 7421 | V20: 7421 | W20: 7421 | X20: 7452 | Y20: 7534 | Z20: 7534 | AA20: 7534 | AB20: 7534 | AC20: 7543 | AD20: 7987 | AE20: 7987 | AF20: 7987 | AG20: 7987 | AH20: 7987 | AI20: 7987 | AJ20: =AI20-D20
A21: 8 | B21: 3F | C21: SL No 540430038848 (EB Unit) | D21: 27550 | E21: 27652 | F21: 27772 | G21: 27908 | H21: 28025 | I21: 28167 | J21: 28236 | K21: 28370 | L21: 28532 | M21: 28691 | N21: 28820 | O21: 28985 | P21: 29164 | Q21: 29312 | R21: 29455 | S21: 29585 | T21: 29759 | U21: 29873 | V21: 30035 | W21: 30187 | X21: 30335 | Y21: 30455 | Z21: 30619 | AA21: 30744 | AB21: 30901 | AC21: 31015 | AD21: 31118 | AE21: 31261 | AF21: 31452 | AG21: 31590 | AH21: 31792 | AI21: 31846 | AJ21: =AI21-D21
C22: DG | D22: 1261 | E22: 1360 | F22: 1360 | G22: 1366 | H22: 1368 | I22: 1368 | J22: 1376 | K22: 1376 | L22: 1376 | M22: 1376 | N22: 1433 | O22: 1433 | P22: 1433 | Q22: 1433 | R22: 1456 | S22: 1456 | T22: 1456 | U22: 1456 | V22: 1456 | W22: 1456 | X22: 1479 | Y22: 1489 | Z22: 1489 | AA22: 1489 | AB22: 1489 | AC22: 1491 | AD22: 1584 | AE22: 1584 | AF22: 1584 | AG22: 1584 | AH22: 1584 | AI22: 1584 | AJ22: =AI22-D22
A24: 1 | B24: 3F | C24: AHU1 | D24: 13170 | E24: 13266 | F24: 13367 | G24: 13418 | H24: 13418 | I24: 13532 | J24: 13630 | K24: 13734 | L24: 13836 | M24: 13933 | N24: 13951 | O24: 13951 | P24: 14051 | Q24: 14146 | R24: 14216 | S24: 14216 | T24: 14301 | U24: 14350 | V24: 14350 | W24: 14433 | X24: 14526 | Y24: 14595 | Z24: 14684 | AA24: 14770 | AB24: 14817 | AC24: 14817 | AD24: 14827 | AE24: 14920 | AF24: 15015 | AG24: 15110 | AH24: 15208 | AI24: 15229 | AJ24: =AI24-D24
C25: DG | D25: 1153 | E25: 1206 | F25: 1206 | G25: 1212 | H25: 1212 | I25: 1212 | J25: 1225 | K25: 1225 | L25: 1225 | M25: 1225 | N25: 1264 | O25: 1264 | P25: 1264 | Q25: 1264 | R25: 1282 | S25: 1282 | T25: 1282 | U25: 1282 | V25: 1282 | W25: 1282 | X25: 1282 | Y25: 1297 | Z25: 1297 | AA25: 1297 | AB25: 1297 | AC25: 1297 | AD25: 1394 | AE25: 1394 | AF25: 1394 | AG25: 1394 | AH25: 1394 | AI25: 1394 | AJ25: =AI25-D25
A26: 2 | B26: 3F | C26: AHU2 | D26: 12367 | E26: 12430 | F26: 12507 | G26: 12531 | H26: 12531 | I26: 12601 | J26: 12662 | K26: 12725 | L26: 12788 | M26: 12850 | N26: 12863 | O26: 12863 | P26: 12936 | Q26: 13001 | R26: 13050 | S26: 13050 | T26: 13107 | U26: 13140 | V26: 13140 | W26: 13223 | X26: 13316 | Y26: 13391 | Z26: 13480 | AA26: 13561 | AB26: 13595 | AC26: 13595 | AD26: 13605 | AE26: 13708 | AF26: 13812 | AG26: 13913 | AH26: 14015 | AI26: 14037 | AJ26: =AI26-D26
C27: DG | D27: 1175 | E27: 1211 | F27: 1211 | G27: 1214 | H27: 1214 | I27: 1214 | J27: 1222 | K27: 1222 | L27: 1222 | M27: 1222 | N27: 1247 | O27: 1247 | P27: 1247 | Q27: 1247 | R27: 1258 | S27: 1258 | T27: 1258 | U27: 1258 | V27: 1258 | W27: 1258 | X27: 1258 | Y27: 1275 | Z27: 1275 | AA27: 1275 | AB27: 1275 | AC27: 1275 | AD27: 1377 | AE27: 1377 | AF27: 1377 | AG27: 1377 | AH27: 1377 | AI27: 1377 | AJ27: =AI27-D27
A28: 3 | B28: 3F | C28: AHU3 | D28: 11346 | E28: 11456 | F28: 11539 | G28: 11616 | H28: 11616 | I28: 11732 | J28: 11834 | K28: 11942 | L28: 12052 | M28: 12164 | N28: 12185 | O28: 12185 | P28: 12300 | Q28: 12407 | R28: 12495 | S28: 12495 | T28: 12604 | U28: 12669 | V28: 12669 | W28: 12759 | X28: 12853 | Y28: 12928 | Z28: 13026 | AA28: 13122 | AB28: 13157 | AC28: 13157 | AD28: 13167 | AE28: 13264 | AF28: 13358 | AG28: 13455 | AH28: 13559 | AI28: 13582 | AJ28: =AI28-D28
C29: DG | D29: 1218 | E29: 1279 | F29: 1279 | G29: 1285 | H29: 1285 | I29: 1285 | J29: 1298 | K29: 1298 | L29: 1298 | M29: 1298 | N29: 1341 | O29: 1341 | P29: 1341 | Q29: 1341 | R29: 1362 | S29: 1362 | T29: 1362 | U29: 1362 | V29: 1362 | W29: 1362 | X29: 1362 | Y29: 1378 | Z29: 1378 | AA29: 1378 | AB29: 1378 | AC29: 1378 | AD29: 1472 | AE29: 1472 | AF29: 1472 | AG29: 1472 | AH29: 1472 | AI29: 1472 | AJ29: =AI29-D29
A30: 4 | B30: 3F | C30: AHU4 | D30: 10968 | E30: 11069 | F30: 11171 | G30: 11223 | H30: 11223 | I30: 11334 | J30: 11430 | K30: 11535 | L30: 11637 | M30: 11736 | N30: 11755 | O30: 11755 | P30: 11859 | Q30: 11960 | R30: 12040 | S30: 12040 | T30: 12147 | U30: 12202 | V30: 12202 | W30: 12287 | X30: 12387 | Y30: 12467 | Z30: 12564 | AA30: 12661 | AB30: 12711 | AC30: 12711 | AD30: 12718 | AE30: 12833 | AF30: 12914 | AG30: 12958 | AH30: 13007 | AI30: 13023 | AJ30: =AI30-D30
C31: DG | D31: 1038 | E31: 1096 | F31: 1096 | G31: 1102 | H31: 1102 | I31: 1102 | J31: 1118 | K31: 1118 | L31: 1118 | M31: 1118 | N31: 1157 | O31: 1157 | P31: 1157 | Q31: 1157 | R31: 1175 | S31: 1175 | T31: 1175 | U31: 1175 | V31: 1175 | W31: 1175 | X31: 1175 | Y31: 1192 | Z31: 1192 | AA31: 1192 | AB31: 1192 | AC31: 1192 | AD31: 1287 | AE31: 1287 | AF31: 1287 | AG31: 1287 | AH31: 1287 | AI31: 1287 | AJ31: =AI31-D31
A33: 1 | B33: 3F | C33: AHU1 - BTU | D33: 105491.36 | E33: 106681.66 | F33: 107328.37 | G33: 107774.45 | H33: 107774.45 | I33: 108807.72 | J33: 109643.75 | K33: 110409.85 | L33: 111051.93 | M33: 111705.25 | N33: 112033.31 | O33: 112033.31 | P33: 113020.91 | Q33: 114019.42 | R33: 114932.74 | S33: 114932.74 | T33: 115860.72 | U33: 116271.87 | V33: 116271.87 | W33: 117228.87 | X33: 118297.95 | Y33: 119087.81 | Z33: 119872.3 | AA33: 120483.17 | AB33: 120915.77 | AC33: 120915.77 | AD33: 122207.02 | AE33: 123312.55 | AF33: 124219.4 | AG33: 124794.27 | AH33: 125476.67 | AI33: 125611 | AJ33: =AI33-D33
A34: 2 | B34: 3F | C34: AHU2 - BTU | D34: 106652.85 | E34: 108172.67 | F34: 109044.47 | G34: 109623.23 | H34: 109623.23 | I34: 110705.24 | J34: 111558.07 | K34: 112478.65 | L34: 113126.42 | M34: 113851.7 | N34: 114346.31 | O34: 114346.31 | P34: 115248.36 | Q34: 116117.64 | R34: 116928.92 | S34: 116928.92 | T34: 118010.57 | U34: 118622.32 | V34: 118622.32 | W34: 119779.91 | X34: 120997.48 | Y34: 122224.54 | Z34: 123253.37 | AA34: 124618.44 | AB34: 125477.95 | AC34: 125477.95 | AD34: 125691.09 | AE34: 126529.22 | AF34: 127454.33 | AG34: 128290.49 | AH34: 129289.71 | AI34: 129491 | AJ34: =AI34-D34
A35: 3 | B35: 3F | C35: AHU3 - BTU | D35: 113637.95 | E35: 115077.08 | F35: 115934.9 | G35: 116414.63 | H35: 116414.63 | I35: 117562.07 | J35: 118517.4 | K35: 119492.19 | L35: 120335.4 | M35: 121135.42 | N35: 121669.78 | O35: 121669.78 | P35: 122678.96 | Q35: 123637.49 | R35: 124450.24 | S35: 124450.24 | T35: 125384.11 | U35: 125869.23 | V35: 125869.23 | W35: 126955.12 | X35: 128117.06 | Y35: 129126.9 | Z35: 129977.56 | AA35: 130794.35 | AB35: 131206.81 | AC35: 131206.81 | AD35: 132399.57 | AE35: 133468.99 | AF35: 134564.2 | AG35: 135502.54 | AH35: 136412.24 | AI35: 136638 | AJ35: =AI35-D35
A36: 4 | B36: 3F | C36: AHU4 - BTU | D36: 130737.1 | E36: 132032.14 | F36: 132902.89 | G36: 133355.68 | H36: 133355.68 | I36: 134790.24 | J36: 135822.31 | K36: 136733.19 | L36: 137604.6 | M36: 138436.45 | N36: 138949.33 | O36: 138949.33 | P36: 140202.45 | Q36: 141236.04 | R36: 142125.01 | S36: 142125.01 | T36: 143166.62 | U36: 143517.28 | V36: 143517.28 | W36: 144693.45 | X36: 145910.46 | Y36: 146900.61 | Z36: 147911.42 | AA36: 148890.74 | AB36: 149419.9 | AC36: 149419.9 | AD36: 150780.46 | AE36: 151765.21 | AF36: 152990.8 | AG36: 153819.54 | AH36: 154837.29 | AI36: 155000 | AJ36: =AI36-D36
B39: Daily Energy Report
B40: Electricity Consumption
A41: Sr.No | B41: Location | C41: Meter | E41: =E3 | F41: =F3 | G41: =G3 | H41: =H3 | I41: =I3 | J41: =J3 | K41: =K3 | L41: =L3 | ... AI41: =AI3 | AJ41: Consumption
E42: =E4 | F42: =F4 | G42: =G4 | H42: =H4 | I42: =I4 | J42: =J4 | K42: =K4 | L42: =L4 | ... AI42: =AI4
E43: Time | F43: Time | G43: Time | H43: Time | I43: Time | J43: Time | K43: Time | L43: Time | M43: Time | N43: Time | O43: Time | P43: Time | Q43: Time | R43: Time | S43: Time | T43: Time | U43: Time | V43: Time | W43: Time | X43: Time | Y43: Time | Z43: Time | AA43: Time | AB43: Time | AC43: Time | AD43: Time | AE43: Time | AF43: Time | AG43: Time | AH43: Time | AI43: Time
E44: 0.33333333 | F44: 0.33333333 | G44: 0.33333333 | H44: 0.33333333 | I44: 0.33333333 | J44: 0.33333333 | K44: 0.33333333 | L44: 0.33333333 | M44: 0.33333333 | N44: 0.33333333 | O44: 0.33333333 | P44: 0.33333333 | Q44: 0.33333333 | R44: 0.33333333 | S44: 0.33333333 | T44: 0.33333333 | U44: 0.33333333 | V44: 0.33333333 | W44: 0.33333333 | X44: 0.33333333 | Y44: 0.33333333 | Z44: 0.33333333 | AA44: 0.33333333 | AB44: 0.33333333 | AC44: 0.33333333 | AD44: 0.33333333 | AE44: 0.33333333 | AF44: 0.33333333 | AG44: 0.33333333 | AH44: 0.33333333 | AI44: 0.33333333
A45: 1 | B45: 3F | C45: SL No 540430038840 (EB Unit) | E45: =E7-D7 | F45: =F7-E7 | G45: =G7-F7 | H45: =H7-G7 | I45: =I7-H7 | J45: =J7-I7 | K45: =K7-J7 | L45: =L7-K7 | ... AI45: =AI7-AH7 | AJ45: =SUM(E45:AI45)
C46: DG | E46: =E8-D8 | F46: =F8-E8 | G46: =G8-F8 | H46: =H8-G8 | I46: =I8-H8 | J46: =J8-I8 | K46: =K8-J8 | L46: =L8-K8 | ... AI46: =AI8-AH8 | AJ46: =SUM(E46:AI46)
A47: 2 | B47: 3F | C47: SL No 540430038845 (EB Unit) | E47: =E9-D9 | F47: =F9-E9 | G47: =G9-F9 | H47: =H9-G9 | I47: =I9-H9 | J47: =J9-I9 | K47: =K9-J9 | L47: =L9-K9 | ... AI47: =AI9-AH9 | AJ47: =SUM(E47:AI47)
C48: DG | E48: =E10-D10 | F48: =F10-E10 | G48: =G10-F10 | H48: =H10-G10 | I48: =I10-H10 | J48: =J10-I10 | K48: =K10-J10 | L48: =L10-K10 | ... AI48: =AI10-AH10 | AJ48: =SUM(E48:AI48)
A49: 3 | B49: 3F | C49: SL No 540430038844 (EB Unit) | E49: =E11-D11 | F49: =F11-E11 | G49: =G11-F11 | H49: =H11-G11 | I49: =I11-H11 | J49: =J11-I11 | K49: =K11-J11 | L49: =L11-K11 | ... AI49: =AI11-AH11 | AJ49: =SUM(E49:AI49)
C50: DG | E50: =E12-D12 | F50: =F12-E12 | G50: =G12-F12 | H50: =H12-G12 | I50: =I12-H12 | J50: =J12-I12 | K50: =K12-J12 | L50: =L12-K12 | ... AI50: =AI12-AH12 | AJ50: =SUM(E50:AI50)
A51: 4 | B51: 3F | C51: SL No 540430038821 (EB Unit) | E51: =E13-D13 | F51: =F13-E13 | G51: =G13-F13 | H51: =H13-G13 | I51: =I13-H13 | J51: =J13-I13 | K51: =K13-J13 | L51: =L13-K13 | ... AI51: =AI13-AH13 | AJ51: =SUM(E51:AI51)
C52: DG | E52: =E14-D14 | F52: =F14-E14 | G52: =G14-F14 | H52: =H14-G14 | I52: =I14-H14 | J52: =J14-I14 | K52: =K14-J14 | L52: =L14-K14 | ... AI52: =AI14-AH14 | AJ52: =SUM(E52:AI52)
A53: 5 | B53: 3F | C53: SL No 540430038849 (EB Unit) | E53: =E15-D15 | F53: =F15-E15 | G53: =G15-F15 | H53: =H15-G15 | I53: =I15-H15 | J53: =J15-I15 | K53: =K15-J15 | L53: =L15-K15 | ... AI53: =AI15-AH15 | AJ53: =SUM(E53:AI53)
C54: DG | E54: =E16-D16 | F54: =F16-E16 | G54: =G16-F16 | H54: =H16-G16 | I54: =I16-H16 | J54: =J16-I16 | K54: =K16-J16 | L54: =L16-K16 | ... AI54: =AI16-AH16 | AJ54: =SUM(E54:AI54)
A55: 6 | B55: 3F | C55: SL No 540430038696 (EB Unit) | E55: =E17-D17 | F55: =F17-E17 | G55: =G17-F17 | H55: =H17-G17 | I55: =I17-H17 | J55: =J17-I17 | K55: =K17-J17 | L55: =L17-K17 | ... AI55: =AI17-AH17 | AJ55: =SUM(E55:AI55)
C56: DG | E56: =E18-D18 | F56: =F18-E18 | G56: =G18-F18 | H56: =H18-G18 | I56: =I18-H18 | J56: =J18-I18 | K56: =K18-J18 | L56: =L18-K18 | ... AI56: =AI18-AH18 | AJ56: =SUM(E56:AI56) | AK56: EB | AL56: =AJ61
A57: 7 | B57: 3F | C57: SL No 540430038843 (EB Unit) | E57: =E19-D19 | F57: =F19-E19 | G57: =G19-F19 | H57: =H19-G19 | I57: =I19-H19 | J57: =J19-I19 | K57: =K19-J19 | L57: =L19-K19 | ... AI57: =AI19-AH19 | AJ57: =SUM(E57:AI57) | AK57: AHU | AL57: =AJ74
C58: DG | E58: =E20-D20 | F58: =F20-E20 | G58: =G20-F20 | H58: =H20-G20 | I58: =I20-H20 | J58: =J20-I20 | K58: =K20-J20 | L58: =L20-K20 | ... AI58: =AI20-AH20 | AJ58: =SUM(E58:AI58) | AK58: BTU | AL58: =AJ80*40%
A59: 8 | B59: 3F | C59: SL No 540430038848 (EB Unit) | E59: =E21-D21 | F59: =F21-E21 | G59: =G21-F21 | H59: =H21-G21 | I59: =I21-H21 | J59: =J21-I21 | K59: =K21-J21 | L59: =L21-K21 | ... AI59: =AI21-AH21 | AJ59: =SUM(E59:AI59) | AK59: DG | AL59: =AJ62+AJ75
C60: DG | E60: =E22-D22 | F60: =F22-E22 | G60: =G22-F22 | H60: =H22-G22 | I60: =I22-H22 | J60: =J22-I22 | K60: =K22-J22 | L60: =L22-K22 | ... AI60: =AI22-AH22 | AJ60: =SUM(E60:AI60)
C61: Total Power - EB Unit | E61: =SUM(E59,E57,E55,E53,E51,E49,E47,E45) | F61: =SUM(F59,F57,F55,F53,F51,F49,F47,F45) | G61: =SUM(G59,G57,G55,G53,G51,G49,G47,G45) | H61: =SUM(H59,H57,H55,H53,H51,H49,H47,H45) | I61: =SUM(I59,I57,I55,I53,I51,I49,I47,I45) | J61: =SUM(J59,J57,J55,J53,J51,J49,J47,J45) | K61: =SUM(K59,K57,K55,K53,K51,K49,K47,K45) | L61: =SUM(L59,L57,L55,L53,L51,L49,L47,L45) | ... AI61: =SUM(AI59,AI57,AI55,AI53,AI51,AI49,AI47,AI45) | AJ61: =SUM(E61:AI61)
C62: Total Power- DG | E62: =SUM(E46,E48,E50,E52,E54,E56,E58,E60) | F62: =SUM(F46,F48,F50,F52,F54,F56,F58,F60) | G62: =SUM(G46,G48,G50,G52,G54,G56,G58,G60) | H62: =SUM(H46,H48,H50,H52,H54,H56,H58,H60) | I62: =SUM(I46,I48,I50,I52,I54,I56,I58,I60) | J62: =SUM(J46,J48,J50,J52,J54,J56,J58,J60) | K62: =SUM(K46,K48,K50,K52,K54,K56,K58,K60) | L62: =SUM(L46,L48,L50,L52,L54,L56,L58,L60) | ... AI62: =SUM(AI46,AI48,AI50,AI52,AI54,AI56,AI58,AI60) | AJ62: =SUM(E62:AI62)
C63: Total Power Cumulative | E63: =E61 | F63: =E63+F61 | G63: =F63+G61 | H63: =G63+H61 | I63: =H63+I61 | J63: =I63+J61 | K63: =J63+K61 | L63: =K63+L61 | M63: =L63+M61 | ... AI63: =AH63+AI61 | AJ63: =AG63+AJ61
A65: S No | B65: Location | C65: Meter
A66: 1 | B66: 3F | C66: AHU1 | E66: =E24-D24 | F66: =F24-E24 | G66: =G24-F24 | H66: =H24-G24 | I66: =I24-H24 | J66: =J24-I24 | K66: =K24-J24 | L66: =L24-K24 | ... AI66: =AI24-AH24 | AJ66: =SUM(E66:AI66)
C67: DG | E67: =E25-D25 | F67: =F25-E25 | G67: =G25-F25 | H67: =H25-G25 | I67: =I25-H25 | J67: =J25-I25 | K67: =K25-J25 | L67: =L25-K25 | ... AI67: =AI25-AH25 | AJ67: =SUM(E67:AI67)
A68: 2 | B68: 3F | C68: AHU2 | E68: =E26-D26 | F68: =F26-E26 | G68: =G26-F26 | H68: =H26-G26 | I68: =I26-H26 | J68: =J26-I26 | K68: =K26-J26 | L68: =L26-K26 | ... AI68: =AI26-AH26 | AJ68: =SUM(E68:AI68)
C69: DG | E69: =E27-D27 | F69: =F27-E27 | G69: =G27-F27 | H69: =H27-G27 | I69: =I27-H27 | J69: =J27-I27 | K69: =K27-J27 | L69: =L27-K27 | ... AI69: =AI27-AH27 | AJ69: =SUM(E69:AI69)
A70: 3 | B70: 3F | C70: AHU3 | E70: =E28-D28 | F70: =F28-E28 | G70: =G28-F28 | H70: =H28-G28 | I70: =I28-H28 | J70: =J28-I28 | K70: =K28-J28 | L70: =L28-K28 | ... AI70: =AI28-AH28 | AJ70: =SUM(E70:AI70)
C71: DG | E71: =E29-D29 | F71: =F29-E29 | G71: =G29-F29 | H71: =H29-G29 | I71: =I29-H29 | J71: =J29-I29 | K71: =K29-J29 | L71: =L29-K29 | ... AI71: =AI29-AH29 | AJ71: =SUM(E71:AI71)
A72: 4 | B72: 3F | C72: AHU4 | E72: =E30-D30 | F72: =F30-E30 | G72: =G30-F30 | H72: =H30-G30 | I72: =I30-H30 | J72: =J30-I30 | K72: =K30-J30 | L72: =L30-K30 | ... AI72: =AI30-AH30 | AJ72: =SUM(E72:AI72)
C73: DG | E73: =E31-D31 | F73: =F31-E31 | G73: =G31-F31 | H73: =H31-G31 | I73: =I31-H31 | J73: =J31-I31 | K73: =K31-J31 | L73: =L31-K31 | ... AI73: =AI31-AH31 | AJ73: =SUM(E73:AI73)
C74: Total AHU Power Consumption | E74: =SUM(E66,E68,E70,E72) | F74: =SUM(F66,F68,F70,F72) | G74: =SUM(G66,G68,G70,G72) | H74: =SUM(H66,H68,H70,H72) | I74: =SUM(I66,I68,I70,I72) | J74: =SUM(J66,J68,J70,J72) | K74: =SUM(K66,K68,K70,K72) | L74: =SUM(L66,L68,L70,L72) | ... AI74: =SUM(AI66,AI68,AI70,AI72) | AJ74: =SUM(E74:AI74)
C75: Total AHU DG consumption | E75: =SUM(E67,E69,E71,E73) | F75: =SUM(F67,F69,F71,F73) | G75: =SUM(G67,G69,G71,G73) | H75: =SUM(H67,H69,H71,H73) | I75: =SUM(I67,I69,I71,I73) | J75: =SUM(J67,J69,J71,J73) | K75: =SUM(K67,K69,K71,K73) | L75: =SUM(L67,L69,L71,L73) | ... AI75: =SUM(AI67,AI69,AI71,AI73) | AJ75: =SUM(E75:AI75)
A76: 1 | B76: 3F | C76: AHU1 - BTU | E76: =E33-D33 | F76: =F33-E33 | G76: =G33-F33 | H76: =H33-G33 | I76: =I33-H33 | J76: =J33-I33 | K76: =K33-J33 | L76: =L33-K33 | ... AI76: =AI33-AH33 | AJ76: =SUM(E76:AI76)
A77: 2 | B77: 3F | C77: AHU2 - BTU | E77: =E34-D34 | F77: =F34-E34 | G77: =G34-F34 | H77: =H34-G34 | I77: =I34-H34 | J77: =J34-I34 | K77: =K34-J34 | L77: =L34-K34 | ... AI77: =AI34-AH34 | AJ77: =SUM(E77:AI77)
A78: 3 | B78: 3F | C78: AHU3 - BTU | E78: =E35-D35 | F78: =F35-E35 | G78: =G35-F35 | H78: =H35-G35 | I78: =I35-H35 | J78: =J35-I35 | K78: =K35-J35 | L78: =L35-K35 | ... AI78: =AI35-AH35 | AJ78: =SUM(E78:AI78)
A79: 4 | B79: 3F | C79: AHU4 - BTU | E79: =E36-D36 | F79: =F36-E36 | G79: =G36-F36 | H79: =H36-G36 | I79: =I36-H36 | J79: =J36-I36 | K79: =K36-J36 | L79: =L36-K36 | ... AI79: =AI36-AH36 | AJ79: =SUM(E79:AI79)
C80: Total BTU Consumption | E80: =SUM(E76:E79) | F80: =SUM(F76:F79) | G80: =SUM(G76:G79) | H80: =SUM(H76:H79) | I80: =SUM(I76:I79) | J80: =SUM(J76:J79) | K80: =SUM(K76:K79) | L80: =SUM(L76:L79) | ... AJ80: =SUM(AJ76:AJ79)

Sheet September 24
E2: September 2024
A3: Sr.No | B3: Location | C3: Meter | D3: Previous Reading | E3: 45536 | F3: 45537 | G3: 45538 | H3: 45539 | I3: 45540 | J3: 45541 | K3: 45542 | L3: 45543 | M3: 45544 | N3: 45545 | O3: 45546 | P3: 45547 | Q3: 45548 | R3: 45549 | S3: 45550 | T3: 45551 | U3: 45552 | V3: 45553 | W3: 45554 | X3: 45555 | Y3: 45556 | Z3: 45557 | AA3: 45558 | AB3: 45559 | AC3: 45560 | AD3: 45561 | AE3: 45562 | AF3: 45563 | AG3: 45564 | AH3: 45565 | AI3: Consumption
E4: Thu | F4: Fri | G4: Sat | H4: Sun | I4: Mon | J4: Tue | K4: Wed | L4: Thu | M4: Fri | N4: Sat | O4: Sun | P4: Mon | Q4: Tue | R4: Wed | S4: Thu | T4: Fri | U4: Sat | V4: Sun | W4: Mon | X4: Tue | Y4: Wed | Z4: Thu | AA4: Fri | AB4: Sat | AC4: Sun | AD4: Mon | AE4: Tue | AF4: Wed | AG4: Thu | AH4: Fri
E5: Time | F5: Time | G5: Time | H5: Time | I5: Time | J5: Time | K5: Time | L5: Time | M5: Time | N5: Time | O5: Time | P5: Time | Q5: Time | R5: Time | S5: Time | T5: Time | U5: Time | V5: Time | W5: Time | X5: Time | Y5: Time | Z5: Time | AA5: Time | AB5: Time | AC5: Time | AD5: Time | AE5: Time | AF5: Time | AG5: Time | AH5: Time
E6: 0.33333333 | F6: 0.33333333 | G6: 0.33333333 | H6: 0.33333333 | I6: 0.33333333 | J6: 0.33333333 | K6: 0.33333333 | L6: 0.33333333 | M6: 0.33333333 | N6: 0.33333333 | O6: 0.33333333 | P6: 0.33333333 | Q6: 0.33333333 | R6: 0.33333333 | S6: 0.33333333 | T6: 0.33333333 | U6: 0.33333333 | V6: 0.33333333 | W6: 0.33333333 | X6: 0.33333333 | Y6: 0.33333333 | Z6: 0.33333333 | AA6: 0.33333333 | AB6: 0.33333333 | AC6: 0.33333333 | AD6: 0.33333333 | AE6: 0.33333333 | AF6: 0.33333333 | AG6: 0.33333333 | AH6: 0.33333333
A7: 1 | B7: 3F | C7: SL No 540430038840 (EB Unit) | D7: 48175 | E7: 48505 | F7: 48730 | G7: 48941 | H7: 49158 | I7: 49424 | J7: 49652 | K7: 49880 | L7: 50103 | M7: 50366 | N7: 50607 | O7: 50838 | P7: 51097 | Q7: 51289 | R7: 51489 | S7: 51705 | T7: 51968 | U7: 52229 | V7: 52492 | W7: 52750 | X7: 53005 | Y7: 53216 | Z7: 53426 | AA7: 53606 | AB7: 53799 | AC7: 54074 | AD7: 54248 | AE7: 54282 | AF7: 54484 | AG7: 54690 | AH7: 54816 | AI7: =AH7-D7
C8: DG | D8: 2836 | E8: 2836 | F8: 2881 | G8: 2954 | H8: 2999 | I8: 2999 | J8: 2999 | K8: 2999 | L8: 2999 | M8: 2999 | N8: 3020 | O8: 3047 | P8: 3054 | Q8: 3117 | R8: 3117 | S8: 3117 | T8: 3117 | U8: 3117 | V8: 3117 | W8: 3117 | X8: 3117 | Y8: 3117 | Z8: 3117 | AA8: 3203 | AB8: 3217 | AC8: 3276 | AD8: 3357 | AE8: 3571 | AF8: 3571 | AG8: 3578 | AH8: 3578 | AI8: =AH8-D8
A9: 2 | B9: 3F | C9: SL No 540430038845 (EB Unit) | D9: 1956 | E9: 1956 | F9: 1956 | G9: 1956 | H9: 1956 | I9: 1956 | J9: 1956 | K9: 1956 | L9: 1956 | M9: 1956 | N9: 1956 | O9: 1956 | P9: 1956 | Q9: 1956 | R9: 1956 | S9: 1956 | T9: 1956 | U9: 1956 | V9: 1956 | W9: 1956 | X9: 1956 | Y9: 1956 | Z9: 1956 | AA9: 1956 | AB9: 1956 | AC9: 1956 | AD9: 1956 | AE9: 1956 | AF9: 1956 | AG9: 1956 | AH9: 1956 | AI9: =AH9-D9
C10: DG | D10: 28.6 | E10: 28.6 | F10: 28.6 | G10: 28.6 | H10: 28.6 | I10: 28.6 | J10: 28.6 | K10: 28.6 | L10: 28.6 | M10: 28.6 | N10: 28.6 | O10: 28.6 | P10: 28.6 | Q10: 28.6 | R10: 28.6 | S10: 28.6 | T10: 28.6 | U10: 28.6 | V10: 28.6 | W10: 28.6 | X10: 28.6 | Y10: 28.6 | Z10: 28.6 | AA10: 28.6 | AB10: 28.6 | AC10: 28.6 | AD10: 28.6 | AE10: 28.6 | AF10: 28.6 | AG10: 28.6 | AH10: 28.6 | AI10: =AH10-D10
A11: 3 | B11: 3F | C11: SL No 540430038844 (EB Unit) | D11: 73860 | E11: 74300 | F11: 74623 | G11: 74921 | H11: 75233 | I11: 75614 | J11: 75928 | K11: 76238 | L11: 76531 | M11: 76911 | N11: 77256 | O11: 77586 | P11: 77954 | Q11: 78218 | R11: 78483 | S11: 78768 | T11: 79146 | U11: 79519 | V11: 79895 | W11: 80265 | X11: 80626 | Y11: 80901 | Z11: 81175 | AA11: 81421 | AB11: 81691 | AC11: 82088 | AD11: 82333 | AE11: 82378 | AF11: 82678 | AG11: 82910 | AH11: 83064 | AI11: =AH11-D11
C12: DG | D12: 4287 | E12: 4287 | F12: 4359 | G12: 4475 | H12: 4541 | I12: 4541 | J12: 4541 | K12: 4541 | L12: 4541 | M12: 4541 | N12: 4575 | O12: 4617 | P12: 4626 | Q12: 4717 | R12: 4717 | S12: 4717 | T12: 4717 | U12: 4717 | V12: 4717 | W12: 4717 | X12: 4717 | Y12: 4717 | Z12: 4717 | AA12: 4853 | AB12: 4958 | AC12: 4964 | AD12: 5086 | AE12: 5387 | AF12: 5387 | AG12: 5395 | AH12: 5395 | AI12: =AH12-D12
A13: 4 | B13: 3F | C13: SL No 540430038821 (EB Unit) | D13: 0 | E13: 0 | F13: 0 | G13: 0 | H13: 0 | I13: 0 | J13: 0 | K13: 0 | L13: 0 | M13: 0 | N13: 0 | O13: 0 | P13: 0 | Q13: 0 | R13: 0 | S13: 0 | T13: 0 | U13: 0 | V13: 0 | W13: 0 | X13: 0 | Y13: 0 | Z13: 0 | AA13: 0 | AB13: 0 | AC13: 0 | AD13: 0 | AE13: 0 | AF13: 0 | AG13: 0 | AH13: 0 | AI13: =AH13-D13
C14: DG | D14: 0 | E14: 0 | F14: 0 | G14: 0 | H14: 0 | I14: 0 | J14: 0 | K14: 0 | L14: 0 | M14: 0 | N14: 0 | O14: 0 | P14: 0 | Q14: 0 | R14: 0 | S14: 0 | T14: 0 | U14: 0 | V14: 0 | W14: 0 | X14: 0 | Y14: 0 | Z14: 0 | AA14: 0 | AB14: 0 | AC14: 0 | AD14: 0 | AE14: 0 | AF14: 0 | AG14: 0 | AH14: 0 | AI14: =AH14-D14
A15: 5 | B15: 3F | C15: SL No 540430038849 (EB Unit) | D15: 29957 | E15: 30123 | F15: 30302 | G15: 30436 | H15: 30592 | I15: 30793 | J15: 30965 | K15: 31071 | L15: 31177 | M15: 31366 | N15: 31545 | O15: 31709 | P15: 31910 | Q15: 32050 | R15: 32153 | S15: 32258 | T15: 32466 | U15: 32668 | V15: 32861 | W15: 33057 | X15: 33248 | Y15: 33351 | Z15: 33461 | AA15: 33595 | AB15: 33738 | AC15: 33943 | AD15: 34068 | AE15: 34088 | AF15: 34213 | AG15: 34330 | AH15: 34422 | AI15: =AH15-D15
C16: DG | D16: 2151 | E16: 2151 | F16: 2190 | G16: 2241 | H16: 2281 | I16: 2281 | J16: 2281 | K16: 2281 | L16: 2281 | M16: 2281 | N16: 2295 | O16: 2317 | P16: 2321 | Q16: 2369 | R16: 2369 | S16: 2369 | T16: 2369 | U16: 2369 | V16: 2369 | W16: 2369 | X16: 2369 | Y16: 2369 | Z16: 2369 | AA16: 2446 | AB16: 2508 | AC16: 2511 | AD16: 2582 | AE16: 2747 | AF16: 2747 | AG16: 2751 | AH16: 2751 | AI16: =AH16-D16
A17: 6 | B17: 3F | C17: SL No 540430038646 (EB Unit) | D17: 42580 | E17: 42724 | F17: 42926 | G17: 43086 | H17: 43286 | I17: 43496 | J17: 43701 | K17: 43833 | L17: 43955 | M17: 44197 | N17: 44392 | O17: 44579 | P17: 44782 | Q17: 44923 | R17: 45012 | S17: 45124 | T17: 45343 | U17: 45571 | V17: 45785 | W17: 46014 | X17: 46211 | Y17: 46331 | Z17: 46443 | AA17: 46596 | AB17: 46748 | AC17: 47010 | AD17: 47157 | AE17: 47173 | AF17: 47272 | AG17: 47384 | AH17: 47463 | AI17: =AH17-D17
C18: DG | D18: 2930 | E18: 2930 | F18: 2972 | G18: 3027 | H18: 3072 | I18: 3072 | J18: 3072 | K18: 3072 | L18: 3072 | M18: 3072 | N18: 3093 | O18: 3126 | P18: 3129 | Q18: 3185 | R18: 3185 | S18: 3185 | T18: 3185 | U18: 3185 | V18: 3185 | W18: 3185 | X18: 3185 | Y18: 3185 | Z18: 3185 | AA18: 3285 | AB18: 3326 | AC18: 3364 | AD18: 3454 | AE18: 3661 | AF18: 3661 | AG18: 3663 | AH18: 3663 | AI18: =AH18-D18
A19: 7 | B19: 3F | C19: SL No 540430038843 (EB Unit) | D19: 145691 | E19: 146683 | F19: 147335 | G19: 147965 | H19: 148490 | I19: 149183 | J19: 149830 | K19: 150432 | L19: 150891 | M19: 151614 | N19: 152256 | O19: 152879 | P19: 153572 | Q19: 154141 | R19: 154584 | S19: 154925 | T19: 155591 | U19: 156230 | V19: 156896 | W19: 157576 | X19: 158236 | Y19: 158666 | Z19: 159019 | AA19: 159471 | AB19: 159967 | AC19: 160659 | AD19: 161087 | AE19: 161182 | AF19: 161595 | AG19: 161927 | AH19: 162234 | AI19: =AH19-D19
C20: DG | D20: 7987 | E20: 7987 | F20: 8100 | G20: 8282 | H20: 8426 | I20: 8426 | J20: 8426 | K20: 8426 | L20: 8426 | M20: 8426 | N20: 8479 | O20: 8552 | P20: 8577 | Q20: 8717 | R20: 8717 | S20: 8717 | T20: 8717 | U20: 8717 | V20: 8717 | W20: 8717 | X20: 8717 | Y20: 8717 | Z20: 8717 | AA20: 8940 | AB20: 9121 | AC20: 9137 | AD20: 9372 | AE20: 9929 | AF20: 9929 | AG20: 9950 | AH20: 9950 | AI20: =AH20-D20
A21: 8 | B21: 3F | C21: SL No 540430038848 (EB Unit) | D21: 31846 | E21: 32184 | F21: 32334 | G21: 32509 | H21: 32592 | I21: 32733 | J21: 32873 | K21: 32992 | L21: 33136 | M21: 33267 | N21: 33409 | O21: 33536 | P21: 33710 | Q21: 33831 | R21: 33963 | S21: 34094 | T21: 34255 | U21: 34381 | V21: 34540 | W21: 34654 | X21: 34814 | Y21: 34934 | Z21: 35090 | AA21: 35196 | AB21: 35337 | AC21: 35445 | AD21: 35559 | AE21: 35594 | AF21: 35738 | AG21: 35851 | AH21: 35970 | AI21: =AH21-D21
C22: DG | D22: 1584 | E22: 1584 | F22: 1609 | G22: 1651 | H22: 1661 | I22: 1661 | J22: 1661 | K22: 1661 | L22: 1661 | M22: 1661 | N22: 1674 | O22: 1684 | P22: 1686 | Q22: 1707 | R22: 1707 | S22: 1707 | T22: 1707 | U22: 1707 | V22: 1707 | W22: 1707 | X22: 1707 | Y22: 1707 | Z22: 1707 | AA22: 1740 | AB22: 1761 | AC22: 1765 | AD22: 1783 | AE22: 1882 | AF22: 1882 | AG22: 1887 | AH22: 1887 | AI22: =AH22-D22
A24: 1 | B24: 3F | C24: AHU1 | D24: 15229 | E24: 15284 | F24: 15385 | G24: 15470 | H24: 15470 | I24: 15638 | J24: 15745 | K24: 15828 | L24: 15828 | M24: 15932 | N24: 16013 | O24: 16088 | P24: 16171 | Q24: 16233 | R24: 16299 | S24: 16299 | T24: 16390 | U24: 16469 | V24: 16553 | W24: 16647 | X24: 16745 | Y24: 16801 | Z24: 16801 | AA24: 16855 | AB24: 16909 | AC24: 17008 | AD24: 17053 | AE24: 17053 | AF24: 17115 | AG24: 17115 | AH24: 17175 | AI24: =AH24-D24
C25: DG | D25: 1394 | E25: 1394 | F25: 1420 | G25: 1467 | H25: 1498 | I25: 1498 | J25: 1498 | K25: 1498 | L25: 1498 | M25: 1498 | N25: 1510 | O25: 1523 | P25: 1523 | Q25: 1546 | R25: 1546 | S25: 1546 | T25: 1546 | U25: 1546 | V25: 1546 | W25: 1546 | X25: 1546 | Y25: 1546 | Z25: 1546 | AA25: 1597 | AB25: 1638 | AC25: 1639 | AD25: 1686 | AE25: 1779 | AF25: 1779 | AG25: 1779 | AH25: 1779 | AI25: =AH25-D25
A26: 2 | B26: 3F | C26: AHU2 | D26: 14037 | E26: 14104 | F26: 14214 | G26: 14294 | H26: 14362 | I26: 14462 | J26: 14564 | K26: 14645 | L26: 14646 | M26: 14753 | N26: 14829 | O26: 14900 | P26: 14987 | Q26: 15061 | R26: 15107 | S26: 15107 | T26: 15208 | U26: 15316 | V26: 15402 | W26: 15492 | X26: 15585 | Y26: 15628 | Z26: 15628 | AA26: 15690 | AB26: 15742 | AC26: 15840 | AD26: 15884 | AE26: 15884 | AF26: 15957 | AG26: 15957 | AH26: 16020 | AI26: =AH26-D26
C27: DG | D27: 1377 | E27: 1377 | F27: 1404 | G27: 1445 | H27: 1476 | I27: 1476 | J27: 1476 | K27: 1476 | L27: 1476 | M27: 1476 | N27: 1484 | O27: 1497 | P27: 1497 | Q27: 1518 | R27: 1518 | S27: 1518 | T27: 1518 | U27: 1518 | V27: 1518 | W27: 1518 | X27: 1518 | Y27: 1518 | Z27: 1518 | AA27: 1564 | AB27: 1606 | AC27: 1610 | AD27: 1655 | AE27: 1735 | AF27: 1735 | AG27: 1735 | AH27: 1735 | AI27: =AH27-D27
A28: 3 | B28: 3F | C28: AHU3 | D28: 13582 | E28: 13637 | F28: 13738 | G28: 13811 | H28: 13883 | I28: 13974 | J28: 14068 | K28: 14144 | L28: 14144 | M28: 14243 | N28: 14333 | O28: 14413 | P28: 14505 | Q28: 14576 | R28: 14625 | S28: 14625 | T28: 14694 | U28: 14820 | V28: 14913 | W28: 15001 | X28: 15094 | Y28: 15144 | Z28: 15144 | AA28: 15196 | AB28: 15247 | AC28: 15350 | AD28: 15393 | AE28: 15393 | AF28: 15465 | AG28: 15465 | AH28: 15531 | AI28: =AH28-D28
C29: DG | D29: 1472 | E29: 1472 | F29: 1496 | G29: 1534 | H29: 1566 | I29: 1566 | J29: 1566 | K29: 1566 | L29: 1566 | M29: 1566 | N29: 1578 | O29: 1593 | P29: 1593 | Q29: 1615 | R29: 1615 | S29: 1615 | T29: 1615 | U29: 1615 | V29: 1615 | W29: 1615 | X29: 1615 | Y29: 1615 | Z29: 1615 | AA29: 1663 | AB29: 1704 | AC29: 1704 | AD29: 1751 | AE29: 1826 | AF29: 1826 | AG29: 1826 | AH29: 1826 | AI29: =AH29-D29
A30: 4 | B30: 3F | C30: AHU4 | D30: 13023 | E30: 13049 | F30: 13149 | G30: 13223 | H30: 13289 | I30: 13378 | J30: 13461 | K30: 13545 | L30: 13546 | M30: 13642 | N30: 13713 | O30: 13796 | P30: 13884 | Q30: 13949 | R30: 14017 | S30: 14017 | T30: 14103 | U30: 14192 | V30: 14274 | W30: 14353 | X30: 14436 | Y30: 14483 | Z30: 14483 | AA30: 14528 | AB30: 14578 | AC30: 14666 | AD30: 14707 | AE30: 14707 | AF30: 14776 | AG30: 14776 | AH30: 14836 | AI30: =AH30-D30
C31: DG | D31: 1287 | E31: 1287 | F31: 1307 | G31: 1345 | H31: 1374 | I31: 1374 | J31: 1374 | K31: 1374 | L31: 1374 | M31: 1374 | N31: 1382 | O31: 1399 | P31: 1399 | Q31: 1421 | R31: 1421 | S31: 1421 | T31: 1421 | U31: 1421 | V31: 1421 | W31: 1421 | X31: 1421 | Y31: 1421 | Z31: 1421 | AA31: 1461 | AB31: 1494 | AC31: 1495 | AD31: 1539 | AE31: 1637 | AF31: 1637 | AG31: 1637 | AH31: 1637 | AI31: =AH31-D31
A33: 1 | B33: 3F | C33: AHU1 - BTU | D33: 125611 | E33: 126471.66 | F33: 127754.19 | G33: 129122.9 | H33: 129709.71 | I33: 130224.85 | J33: 130635 | K33: 131044.39 | L33: 131044.39 | M33: 132026.45 | N33: 132742.04 | O33: 133382.29 | P33: 133937 | Q33: 134411.74 | R33: 134671.54 | S33: 134671.54 | T33: 135657.67 | U33: 136371.57 | V33: 137076 | W33: 137671.9 | X33: 138290.86 | Y33: 138573.36 | Z33: 138573.36 | AA33: 139677.43 | AB33: 140629.32 | AC33: 141348.66 | AD33: 142078.1 | AE33: 142800 | AF33: 143217 | AG33: 143217 | AH33: 144022 | AI33: =AH33-D33
A34: 2 | B34: 3F | C34: AHU2 - BTU | D34: 129491 | E34: 130355.97 | F34: 131676.42 | G34: 133022.7 | H34: 133836.77 | I34: 134714.57 | J34: 135559.49 | K34: 136281.36 | L34: 136281.36 | M34: 137423.44 | N34: 138363.48 | O34: 139122.62 | P34: 139817.36 | Q34: 140285.49 | R34: 140883.1 | S34: 140883.1 | T34: 141898.31 | U34: 142727.09 | V34: 143345.65 | W34: 144143.17 | X34: 144878.86 | Y34: 145360.85 | Z34: 145360.85 | AA34: 146563.58 | AB34: 147606.7 | AC34: 148697.44 | AD34: 149650 | AE34: 150488 | AF34: 151292 | AG34: 151292 | AH34: 152135 | AI34: =AH34-D34
A35: 3 | B35: 3F | C35: AHU3 - BTU | D35: 136638 | E35: 137390.83 | F35: 138727.26 | G35: 139995.68 | H35: 140801.53 | I35: 141552.19 | J35: 142280.01 | K35: 142962.73 | L35: 142962.73 | M35: 144162.84 | N35: 145116.13 | O35: 145963.67 | P35: 146772.08 | Q35: 147515.64 | R35: 148090.03 | S35: 148090.03 | T35: 149078.09 | U35: 149895.74 | V35: 150653.02 | W35: 151456.63 | X35: 152262.66 | Y35: 152631.66 | Z35: 152631.66 | AA35: 153722.11 | AB35: 154787.1 | AC35: 155703.13 | AD35: 156625.1 | AE35: 157471 | AF35: 158134 | AG35: 158134 | AH35: 158977 | AI35: =AH35-D35
A36: 4 | B36: 3F | C36: AHU4 - BTU | D36: 155000 | E36: 155795.12 | F36: 157212.97 | G36: 158688.59 | H36: 159546.78 | I36: 160293.8 | J36: 160982.11 | K36: 161569.39 | L36: 161569.39 | M36: 162934.99 | N36: 163953.28 | O36: 164844.37 | P36: 165688.03 | Q36: 166343.24 | R36: 166732.37 | S36: 166732.37 | T36: 167769.8 | U36: 168562.83 | V36: 169302.76 | W36: 170110.65 | X36: 170875.49 | Y36: 171200.27 | Z36: 171200.27 | AA36: 172410.61 | AB36: 173441.05 | AC36: 174318.53 | AD36: 175487.87 | AE36: 176384 | AF36: 176899 | AG36: 176899 | AH36: 177713 | AI36: =AH36-D36
B39: Daily Energy Report
B40: Electricity Consumption
A41: Sr.No | B41: Location | C41: Meter | E41: =E3 | F41: =F3 | G41: =G3 | H41: =H3 | I41: =I3 | J41: =J3 | K41: =K3 | L41: =L3 | ... AH41: =AH3 | AI41: Consumption
E42: =E4 | F42: =F4 | G42: =G4 | H42: =H4 | I42: =I4 | J42: =J4 | K42: =K4 | L42: =L4 | ... AH42: =AH4
E43: Time | F43: Time | G43: Time | H43: Time | I43: Time | J43: Time | K43: Time | L43: Time | M43: Time | N43: Time | O43: Time | P43: Time | Q43: Time | R43: Time | S43: Time | T43: Time | U43: Time | V43: Time | W43: Time | X43: Time | Y43: Time | Z43: Time | AA43: Time | AB43: Time | AC43: Time | AD43: Time | AE43: Time | AF43: Time | AG43: Time | AH43: Time
E44: 0.33333333 | F44: 0.33333333 | G44: 0.33333333 | H44: 0.33333333 | I44: 0.33333333 | J44: 0.33333333 | K44: 0.33333333 | L44: 0.33333333 | M44: 0.33333333 | N44: 0.33333333 | O44: 0.33333333 | P44: 0.33333333 | Q44: 0.33333333 | R44: 0.33333333 | S44: 0.33333333 | T44: 0.33333333 | U44: 0.33333333 | V44: 0.33333333 | W44: 0.33333333 | X44: 0.33333333 | Y44: 0.33333333 | Z44: 0.33333333 | AA44: 0.33333333 | AB44: 0.33333333 | AC44: 0.33333333 | AD44: 0.33333333 | AE44: 0.33333333 | AF44: 0.33333333 | AG44: 0.33333333 | AH44: 0.33333333
A45: 1 | B45: 3F | C45: SL No 540430038840 (EB Unit) | E45: =E7-D7 | F45: =F7-E7 | G45: =G7-F7 | H45: =H7-G7 | I45: =I7-H7 | J45: =J7-I7 | K45: =K7-J7 | L45: =L7-K7 | ... AH45: =AH7-AG7 | AI45: =SUM(E45:AH45)
C46: DG | E46: =E8-D8 | F46: =F8-E8 | G46: =G8-F8 | H46: =H8-G8 | I46: =I8-H8 | J46: =J8-I8 | K46: =K8-J8 | L46: =L8-K8 | ... AH46: =AH8-AG8 | AI46: =SUM(E46:AH46)
A47: 2 | B47: 3F | C47: SL No 540430038845 (EB Unit) | E47: =E9-D9 | F47: =F9-E9 | G47: =G9-F9 | H47: =H9-G9 | I47: =I9-H9 | J47: =J9-I9 | K47: =K9-J9 | L47: =L9-K9 | ... AH47: =AH9-AG9 | AI47: =SUM(E47:AH47)
C48: DG | E48: =E10-D10 | F48: =F10-E10 | G48: =G10-F10 | H48: =H10-G10 | I48: =I10-H10 | J48: =J10-I10 | K48: =K10-J10 | L48: =L10-K10 | ... AH48: =AH10-AG10 | AI48: =SUM(E48:AH48)
A49: 3 | B49: 3F | C49: SL No 540430038844 (EB Unit) | E49: =E11-D11 | F49: =F11-E11 | G49: =G11-F11 | H49: =H11-G11 | I49: =I11-H11 | J49: =J11-I11 | K49: =K11-J11 | L49: =L11-K11 | ... AH49: =AH11-AG11 | AI49: =SUM(E49:AH49)
C50: DG | E50: =E12-D12 | F50: =F12-E12 | G50: =G12-F12 | H50: =H12-G12 | I50: =I12-H12 | J50: =J12-I12 | K50: =K12-J12 | L50: =L12-K12 | ... AH50: =AH12-AG12 | AI50: =SUM(E50:AH50)
A51: 4 | B51: 3F | C51: SL No 540430038821 (EB Unit) | E51: =E13-D13 | F51: =F13-E13 | G51: =G13-F13 | H51: =H13-G13 | I51: =I13-H13 | J51: =J13-I13 | K51: =K13-J13 | L51: =L13-K13 | ... AH51: =AH13-AG13 | AI51: =SUM(E51:AH51)
C52: DG | E52: =E14-D14 | F52: =F14-E14 | G52: =G14-F14 | H52: =H14-G14 | I52: =I14-H14 | J52: =J14-I14 | K52: =K14-J14 | L52: =L14-K14 | ... AH52: =AH14-AG14 | AI52: =SUM(E52:AH52)
A53: 5 | B53: 3F | C53: SL No 540430038849 (EB Unit) | E53: =E15-D15 | F53: =F15-E15 | G53: =G15-F15 | H53: =H15-G15 | I53: =I15-H15 | J53: =J15-I15 | K53: =K15-J15 | L53: =L15-K15 | ... AH53: =AH15-AG15 | AI53: =SUM(E53:AH53)
C54: DG | E54: =E16-D16 | F54: =F16-E16 | G54: =G16-F16 | H54: =H16-G16 | I54: =I16-H16 | J54: =J16-I16 | K54: =K16-J16 | L54: =L16-K16 | ... AH54: =AH16-AG16 | AI54: =SUM(E54:AH54)
A55: 6 | B55: 3F | C55: SL No 540430038696 (EB Unit) | E55: =E17-D17 | F55: =F17-E17 | G55: =G17-F17 | H55: =H17-G17 | I55: =I17-H17 | J55: =J17-I17 | K55: =K17-J17 | L55: =L17-K17 | ... AH55: =AH17-AG17 | AI55: =SUM(E55:AH55) | AJ55: EB | AK55: =AI61
C56: DG | E56: =E18-D18 | F56: =F18-E18 | G56: =G18-F18 | H56: =H18-G18 | I56: =I18-H18 | J56: =J18-I18 | K56: =K18-J18 | L56: =L18-K18 | ... AH56: =AH18-AG18 | AI56: =SUM(E56:AH56) | AJ56: AHU | AK56: =AI74
A57: 7 | B57: 3F | C57: SL No 540430038843 (EB Unit) | E57: =E19-D19 | F57: =F19-E19 | G57: =G19-F19 | H57: =H19-G19 | I57: =I19-H19 | J57: =J19-I19 | K57: =K19-J19 | L57: =L19-K19 | ... AH57: =AH19-AG19 | AI57: =SUM(E57:AH57) | AJ57: BTU | AK57: =AI80/2
C58: DG | E58: =E20-D20 | F58: =F20-E20 | G58: =G20-F20 | H58: =H20-G20 | I58: =I20-H20 | J58: =J20-I20 | K58: =K20-J20 | L58: =L20-K20 | ... AH58: =AH20-AG20 | AI58: =SUM(E58:AH58) | AJ58: DG | AK58: =AI62+AI75
A59: 8 | B59: 3F | C59: SL No 540430038848 (EB Unit) | E59: =E21-D21 | F59: =F21-E21 | G59: =G21-F21 | H59: =H21-G21 | I59: =I21-H21 | J59: =J21-I21 | K59: =K21-J21 | L59: =L21-K21 | ... AH59: =AH21-AG21 | AI59: =SUM(E59:AH59)
C60: DG | E60: =E22-D22 | F60: =F22-E22 | G60: =G22-F22 | H60: =H22-G22 | I60: =I22-H22 | J60: =J22-I22 | K60: =K22-J22 | L60: =L22-K22 | ... AH60: =AH22-AG22 | AI60: =SUM(E60:AH60)
C61: Total Power - EB Unit | E61: =SUM(E59,E57,E55,E53,E51,E49,E47,E45) | F61: =SUM(F59,F57,F55,F53,F51,F49,F47,F45) | G61: =SUM(G59,G57,G55,G53,G51,G49,G47,G45) | H61: =SUM(H59,H57,H55,H53,H51,H49,H47,H45) | I61: =SUM(I59,I57,I55,I53,I51,I49,I47,I45) | J61: =SUM(J59,J57,J55,J53,J51,J49,J47,J45) | K61: =SUM(K59,K57,K55,K53,K51,K49,K47,K45) | L61: =SUM(L59,L57,L55,L53,L51,L49,L47,L45) | ... AH61: =SUM(AH59,AH57,AH55,AH53,AH51,AH49,AH47,AH45) | AI61: =SUM(E61:AH61)
C62: Total Power- DG | E62: =SUM(E46,E48,E50,E52,E54,E56,E58,E60) | F62: =SUM(F46,F48,F50,F52,F54,F56,F58,F60) | G62: =SUM(G46,G48,G50,G52,G54,G56,G58,G60) | H62: =SUM(H46,H48,H50,H52,H54,H56,H58,H60) | I62: =SUM(I46,I48,I50,I52,I54,I56,I58,I60) | J62: =SUM(J46,J48,J50,J52,J54,J56,J58,J60) | K62: =SUM(K46,K48,K50,K52,K54,K56,K58,K60) | L62: =SUM(L46,L48,L50,L52,L54,L56,L58,L60) | ... AH62: =SUM(AH46,AH48,AH50,AH52,AH54,AH56,AH58,AH60) | AI62: =SUM(E62:AH62)
C63: Total Power Cumulative | E63: =E61 | F63: =E63+F61 | G63: =F63+G61 | H63: =G63+H61 | I63: =H63+I61 | J63: =I63+J61 | K63: =J63+K61 | L63: =K63+L61 | M63: =L63+M61 | ... AH63: =AG63+AH61 | AI63: =AG63+AI61
A65: S No | B65: Location | C65: Meter
A66: 1 | B66: 3F | C66: AHU1 | E66: =E24-D24 | F66: =F24-E24 | G66: =G24-F24 | H66: =H24-G24 | I66: =I24-H24 | J66: =J24-I24 | K66: =K24-J24 | L66: =L24-K24 | ... AH66: =AH24-AG24 | AI66: =SUM(E66:AH66)
C67: DG | E67: =E25-D25 | F67: =F25-E25 | G67: =G25-F25 | H67: =H25-G25 | I67: =I25-H25 | J67: =J25-I25 | K67: =K25-J25 | L67: =L25-K25 | ... AH67: =AH25-AG25 | AI67: =SUM(E67:AH67)
A68: 2 | B68: 3F | C68: AHU2 | E68: =E26-D26 | F68: =F26-E26 | G68: =G26-F26 | H68: =H26-G26 | I68: =I26-H26 | J68: =J26-I26 | K68: =K26-J26 | L68: =L26-K26 | ... AH68: =AH26-AG26 | AI68: =SUM(E68:AH68)
C69: DG | E69: =E27-D27 | F69: =F27-E27 | G69: =G27-F27 | H69: =H27-G27 | I69: =I27-H27 | J69: =J27-I27 | K69: =K27-J27 | L69: =L27-K27 | ... AH69: =AH27-AG27 | AI69: =SUM(E69:AH69)
A70: 3 | B70: 3F | C70: AHU3 | E70: =E28-D28 | F70: =F28-E28 | G70: =G28-F28 | H70: =H28-G28 | I70: =I28-H28 | J70: =J28-I28 | K70: =K28-J28 | L70: =L28-K28 | ... AH70: =AH28-AG28 | AI70: =SUM(E70:AH70)
C71: DG | E71: =E29-D29 | F71: =F29-E29 | G71: =G29-F29 | H71: =H29-G29 | I71: =I29-H29 | J71: =J29-I29 | K71: =K29-J29 | L71: =L29-K29 | ... AH71: =AH29-AG29 | AI71: =SUM(E71:AH71)
A72: 4 | B72: 3F | C72: AHU4 | E72: =E30-D30 | F72: =F30-E30 | G72: =G30-F30 | H72: =H30-G30 | I72: =I30-H30 | J72: =J30-I30 | K72: =K30-J30 | L72: =L30-K30 | ... AH72: =AH30-AG30 | AI72: =SUM(E72:AH72)
C73: DG | E73: =E31-D31 | F73: =F31-E31 | G73: =G31-F31 | H73: =H31-G31 | I73: =I31-H31 | J73: =J31-I31 | K73: =K31-J31 | L73: =L31-K31 | ... AH73: =AH31-AG31 | AI73: =SUM(E73:AH73)
C74: Total AHU Power Consumption | E74: =SUM(E66,E68,E70,E72) | F74: =SUM(F66,F68,F70,F72) | G74: =SUM(G66,G68,G70,G72) | H74: =SUM(H66,H68,H70,H72) | I74: =SUM(I66,I68,I70,I72) | J74: =SUM(J66,J68,J70,J72) | K74: =SUM(K66,K68,K70,K72) | L74: =SUM(L66,L68,L70,L72) | ... AH74: =SUM(AH66,AH68,AH70,AH72) | AI74: =SUM(E74:AH74)
C75: Total AHU DG consumption | E75: =SUM(E67,E69,E71,E73) | F75: =SUM(F67,F69,F71,F73) | G75: =SUM(G67,G69,G71,G73) | H75: =SUM(H67,H69,H71,H73) | I75: =SUM(I67,I69,I71,I73) | J75: =SUM(J67,J69,J71,J73) | K75: =SUM(K67,K69,K71,K73) | L75: =SUM(L67,L69,L71,L73) | ... AH75: =SUM(AH67,AH69,AH71,AH73) | AI75: =SUM(E75:AH75)
A76: 1 | B76: 3F | C76: AHU1 - BTU | E76: =E33-D33 | F76: =F33-E33 | G76: =G33-F33 | H76: =H33-G33 | I76: =I33-H33 | J76: =J33-I33 | K76: =K33-J33 | L76: =L33-K33 | ... AH76: =AH33-AG33 | AI76: =SUM(E76:AH76)
A77: 2 | B77: 3F | C77: AHU2 - BTU | E77: =E34-D34 | F77: =F34-E34 | G77: =G34-F34 | H77: =H34-G34 | I77: =I34-H34 | J77: =J34-I34 | K77: =K34-J34 | L77: =L34-K34 | ... AH77: =AH34-AG34 | AI77: =SUM(E77:AH77)
A78: 3 | B78: 3F | C78: AHU3 - BTU | E78: =E35-D35 | F78: =F35-E35 | G78: =G35-F35 | H78: =H35-G35 | I78: =I35-H35 | J78: =J35-I35 | K78: =K35-J35 | L78: =L35-K35 | ... AH78: =AH35-AG35 | AI78: =SUM(E78:AH78)
A79: 4 | B79: 3F | C79: AHU4 - BTU | E79: =E36-D36 | F79: =F36-E36 | G79: =G36-F36 | H79: =H36-G36 | I79: =I36-H36 | J79: =J36-I36 | K79: =K36-J36 | L79: =L36-K36 | ... AH79: =AH36-AG36 | AI79: =SUM(E79:AH79)
C80: Total BTU Consumption | E80: =SUM(E76:E79) | F80: =SUM(F76:F79) | G80: =SUM(G76:G79) | H80: =SUM(H76:H79) | I80: =SUM(I76:I79) | J80: =SUM(J76:J79) | K80: =SUM(K76:K79) | L80: =SUM(L76:L79) | ... AI80: =SUM(AI76:AI79)

Sheet Oct 24
E2: October 2024
A3: Sr.No | B3: Location | C3: Meter | D3: Previous Reading | E3: 45566 | F3: 45567 | G3: 45568 | H3: 45569 | I3: 45570 | J3: 45571 | K3: 45572 | L3: 45573 | M3: 45574 | N3: 45575 | O3: 45576 | P3: 45577 | Q3: 45578 | R3: 45579 | S3: 45580 | T3: 45581 | U3: 45582 | V3: 45583 | W3: 45584 | X3: 45585 | Y3: 45586 | Z3: 45587 | AA3: 45588 | AB3: 45589 | AC3: 45590 | AD3: 45591 | AE3: 45592 | AF3: 45593 | AG3: 45594 | AH3: 45595 | AI3: 45596 | AJ3: Consumption
E4: Tue | F4: Wed | G4: Thu | H4: Fri | I4: Sat | J4: Sun | K4: Mon | L4: Tue | M4: Wed | N4: Thu | O4: Fri | P4: Sat | Q4: Sun | R4: Mon | S4: Tue | T4: Wed | U4: Thu | V4: Fri | W4: Sat | X4: Sun | Y4: Mon | Z4: Tue | AA4: Wed | AB4: Thu | AC4: Fri | AD4: Sat | AE4: Sun | AF4: Mon | AG4: Tue | AH4: Wed | AI4: Thu
E5: Time | F5: Time | G5: Time | H5: Time | I5: Time | J5: Time | K5: Time | L5: Time | M5: Time | N5: Time | O5: Time | P5: Time | Q5: Time | R5: Time | S5: Time | T5: Time | U5: Time | V5: Time | W5: Time | X5: Time | Y5: Time | Z5: Time | AA5: Time | AB5: Time | AC5: Time | AD5: Time | AE5: Time | AF5: Time | AG5: Time | AH5: Time | AI5: Time
E6: 0.33333333 | F6: 0.33333333 | G6: 0.33333333 | H6: 0.33333333 | I6: 0.33333333 | J6: 0.33333333 | K6: 0.33333333 | L6: 0.33333333 | M6: 0.33333333 | N6: 0.33333333 | O6: 0.33333333 | P6: 0.33333333 | Q6: 0.33333333 | R6: 0.33333333 | S6: 0.33333333 | T6: 0.33333333 | U6: 0.33333333 | V6: 0.33333333 | W6: 0.33333333 | X6: 0.33333333 | Y6: 0.33333333 | Z6: 0.33333333 | AA6: 0.33333333 | AB6: 0.33333333 | AC6: 0.33333333 | AD6: 0.33333333 | AE6: 0.33333333 | AF6: 0.33333333 | AG6: 0.33333333 | AH6: 0.33333333 | AI6: 0.33333333
A7: 1 | B7: 3F | C7: SL No 540430038840 (EB Unit) | D7: 54816 | E7: 55183 | F7: 55389 | G7: 55661 | H7: 55913 | I7: 56117 | J7: 56319 | K7: 56597 | L7: 56862 | M7: 57081 | N7: 57327 | O7: 57583 | P7: 57795 | Q7: 58004 | R7: 58270 | S7: 58557 | T7: 58807 | U7: 59081 | V7: 59318 | W7: 59521 | X7: 59731 | Y7: 60021 | Z7: 60266 | AA7: 60534 | AB7: 60798 | AC7: 61043 | AD7: 61254 | AE7: 61469 | AF7: 61709 | AG7: 61953 | AH7: 62161 | AI7: 62276 | AJ7: =AI7-D7
C8: DG | D8: 3578 | E8: 3626 | F8: 3630 | G8: 3630 | H8: 3630 | I8: 3630 | J8: 3630 | K8: 3630 | L8: 3631 | M8: 3663 | N8: 3663 | O8: 3665 | P8: 3665 | Q8: 3665 | R8: 3665 | S8: 3665 | T8: 3665 | U8: 3665 | V8: 3678 | W8: 3678 | X8: 3678 | Y8: 3678 | Z8: 3678 | AA8: 3678 | AB8: 3678 | AC8: 3678 | AD8: 3678 | AE8: 3678 | AF8: 3678 | AG8: 3678 | AH8: 3678 | AI8: 3678 | AJ8: =AI8-D8
A9: 2 | B9: 3F | C9: SL No 540430038845 (EB Unit) | D9: 1956 | E9: 1956 | F9: 1956 | G9: 1956 | H9: 1956 | I9: 1956 | J9: 1956 | K9: 1956 | L9: 1956 | M9: 1956 | N9: 1956 | O9: 1956 | P9: 1956 | Q9: 1956 | R9: 1956 | S9: 1956 | T9: 1956 | U9: 1956 | V9: 1956 | W9: 1956 | X9: 1956 | Y9: 1956 | Z9: 1956 | AA9: 1956 | AB9: 1956 | AC9: 1956 | AD9: 1956 | AE9: 1956 | AF9: 1956 | AG9: 1956 | AH9: 1956 | AI9: 1956 | AJ9: =AI9-D9
C10: DG | D10: 28.6 | E10: 28.6 | F10: 28.6 | G10: 28.6 | H10: 28.6 | I10: 28.6 | J10: 28.6 | K10: 28.6 | L10: 28.6 | M10: 28.6 | N10: 28.6 | O10: 28.6 | P10: 28.6 | Q10: 28.6 | R10: 28.6 | S10: 28.6 | T10: 28.6 | U10: 28.6 | V10: 28.6 | W10: 28.6 | X10: 28.6 | Y10: 28.6 | Z10: 28.6 | AA10: 28.6 | AB10: 28.6 | AC10: 28.6 | AD10: 28.6 | AE10: 28.6 | AF10: 28.6 | AG10: 28.6 | AH10: 28.6 | AI10: 28.6 | AJ10: =AI10-D10
A11: 3 | B11: 3F | C11: SL No 540430038844 (EB Unit) | D11: 83064 | E11: 83574 | F11: 83846 | G11: 84233 | H11: 84587 | I11: 84854 | J11: 85127 | K11: 85517 | L11: 85896 | M11: 86225 | N11: 86592 | O11: 86919 | P11: 87197 | Q11: 87471 | R11: 87844 | S11: 88255 | T11: 88627 | U11: 89017 | V11: 89356 | W11: 89622 | X11: 89877 | Y11: 90313 | Z11: 90670 | AA11: 91053 | AB11: 91431 | AC11: 91774 | AD11: 92050 | AE11: 92332 | AF11: 92667 | AG11: 93000 | AH11: 93280 | AI11: 93430 | AJ11: =AI11-D11
C12: DG | D12: 5395 | E12: 5468 | F12: 5474 | G12: 5474 | H12: 5474 | I12: 5474 | J12: 5474 | K12: 5474 | L12: 5476 | M12: 5517 | N12: 5517 | O12: 5519 | P12: 5519 | Q12: 5519 | R12: 5519 | S12: 5519 | T12: 5519 | U12: 5519 | V12: 5538 | W12: 5538 | X12: 5538 | Y12: 5538 | Z12: 5538 | AA12: 5538 | AB12: 5538 | AC12: 5538 | AD12: 5538 | AE12: 5538 | AF12: 5538 | AG12: 5538 | AH12: 5538 | AI12: 5538 | AJ12: =AI12-D12
A13: 4 | B13: 3F | C13: SL No 540430038821 (EB Unit) | D13: 0 | E13: 0 | F13: 0 | G13: 0 | H13: 0 | I13: 0 | J13: 0 | K13: 0 | L13: 0 | M13: 0 | N13: 0 | O13: 0 | P13: 0 | Q13: 0 | R13: 0 | S13: 0 | T13: 0 | U13: 0 | V13: 0 | W13: 0 | X13: 0 | Y13: 0 | Z13: 0 | AA13: 0 | AB13: 0 | AC13: 0 | AD13: 0 | AE13: 0 | AF13: 0 | AG13: 0 | AH13: 0 | AI13: 0 | AJ13: =AI13-D13
C14: DG | D14: 0 | E14: 0 | F14: 0 | G14: 0 | H14: 0 | I14: 0 | J14: 0 | K14: 0 | L14: 0 | M14: 0 | N14: 0 | O14: 0 | P14: 0 | Q14: 0 | R14: 0 | S14: 0 | T14: 0 | U14: 0 | V14: 0 | W14: 0 | X14: 0 | Y14: 0 | Z14: 0 | AA14: 0 | AB14: 0 | AC14: 0 | AD14: 0 | AE14: 0 | AF14: 0 | AG14: 0 | AH14: 0 | AI14: 0 | AJ14: =AI14-D14
A15: 5 | B15: 3F | C15: SL No 540430038849 (EB Unit) | D15: 34422 | E15: 34691 | F15: 34790 | G15: 34985 | H15: 35169 | I15: 35267 | J15: 35377 | K15: 35596 | L15: 35802 | M15: 35990 | N15: 36187 | O15: 36335 | P15: 36453 | Q15: 36561 | R15: 36785 | S15: 37020 | T15: 37228 | U15: 37441 | V15: 37634 | W15: 37731 | X15: 37834 | Y15: 38063 | Z15: 38259 | AA15: 38475 | AB15: 38680 | AC15: 38872 | AD15: 38991 | AE15: 39112 | AF15: 39307 | AG15: 39491 | AH15: 39608 | AI15: 39703 | AJ15: =AI15-D15
C16: DG | D16: 2751 | E16: 2790 | F16: 2792 | G16: 2792 | H16: 2792 | I16: 2792 | J16: 2792 | K16: 2792 | L16: 2793 | M16: 2814 | N16: 2814 | O16: 2815 | P16: 2815 | Q16: 2815 | R16: 2815 | S16: 2815 | T16: 2815 | U16: 2815 | V16: 2826 | W16: 2826 | X16: 2826 | Y16: 2826 | Z16: 2826 | AA16: 2826 | AB16: 2826 | AC16: 2826 | AD16: 2826 | AE16: 2826 | AF16: 2826 | AG16: 2826 | AH16: 2826 | AI16: 2826 | AJ16: =AI16-D16
A17: 6 | B17: 3F | C17: SL No 540430038646 (EB Unit) | D17: 47463 | E17: 47762 | F17: 47894 | G17: 48144 | H17: 48376 | I17: 48496 | J17: 48608 | K17: 48853 | L17: 49071 | M17: 49282 | N17: 49480 | O17: 49680 | P17: 49785 | Q17: 49898 | R17: 50144 | S17: 50412 | T17: 50653 | U17: 50894 | V17: 51102 | W17: 51201 | X17: 51319 | Y17: 51545 | Z17: 51761 | AA17: 51907 | AB17: 52225 | AC17: 52456 | AD17: 52596 | AE17: 52740 | AF17: 52976 | AG17: 53204 | AH17: 53397 | AI17: 53462 | AJ17: =AI17-D17
C18: DG | D18: 3663 | E18: 3694 | F18: 3696 | G18: 3696 | H18: 3696 | I18: 3696 | J18: 3696 | K18: 3696 | L18: 3698 | M18: 3721 | N18: 3721 | O18: 3723 | P18: 3723 | Q18: 3723 | R18: 3723 | S18: 3723 | T18: 3723 | U18: 3723 | V18: 3732 | W18: 3732 | X18: 3732 | Y18: 3732 | Z18: 3732 | AA18: 3732 | AB18: 3732 | AC18: 3732 | AD18: 3732 | AE18: 3732 | AF18: 3732 | AG18: 3732 | AH18: 3732 | AI18: 3732 | AJ18: =AI18-D18
A19: 7 | B19: 3F | C19: SL No 540430038843 (EB Unit) | D19: 162234 | E19: 163299 | F19: 163637 | G19: 164268 | H19: 164940 | I19: 165419 | J19: 165683 | K19: 166345 | L19: 166980 | M19: 167553 | N19: 168192 | O19: 168822 | P19: 169242 | Q19: 169505 | R19: 170408 | S19: 171106 | T19: 171801 | U19: 172532 | V19: 173162 | W19: 173540 | X19: 174122 | Y19: 174826 | Z19: 175475 | AA19: 176173 | AB19: 176892 | AC19: 177515 | AD19: 177923 | AE19: 178381 | AF19: 179046 | AG19: 179757 | AH19: 180328 | AI19: 180492 | AJ19: =AI19-D19
C20: DG | D20: 9950 | E20: 10045 | F20: 10054 | G20: 10054 | H20: 10054 | I20: 10054 | J20: 10054 | K20: 10054 | L20: 10060 | M20: 10100 | N20: 10100 | O20: 10104 | P20: 10104 | Q20: 10104 | R20: 10104 | S20: 10104 | T20: 10104 | U20: 10104 | V20: 10150 | W20: 10150 | X20: 10150 | Y20: 10150 | Z20: 10150 | AA20: 10150 | AB20: 10150 | AC20: 10150 | AD20: 10150 | AE20: 10150 | AF20: 10150 | AG20: 10150 | AH20: 10150 | AI20: 10150 | AJ20: =AI20-D20
A21: 8 | B21: 3F | C21: SL No 540430038848 (EB Unit) | D21: 35970 | E21: 36232 | F21: 36292 | G21: 36444 | H21: 36607 | I21: 36742 | J21: 36914 | K21: 37059 | L21: 37234 | M21: 37328 | N21: 37509 | O21: 37650 | P21: 37791 | Q21: 37917 | R21: 38012 | S21: 38082 | T21: 38185 | U21: 38295 | V21: 38424 | W21: 38551 | X21: 38669 | Y21: 38858 | Z21: 38994 | AA21: 39157 | AB21: 39247 | AC21: 39319 | AD21: 39386 | AE21: 39453 | AF21: 39533 | AG21: 39613 | AH21: 39686 | AI21: 39721 | AJ21: =AI21-D21
C22: DG | D22: 1887 | E22: 1925 | F22: 1927 | G22: 1927 | H22: 1927 | I22: 1927 | J22: 1927 | K22: 1927 | L22: 1927 | M22: 1933 | N22: 1933 | O22: 1933 | P22: 1933 | Q22: 1933 | R22: 1933 | S22: 1933 | T22: 1933 | U22: 1933 | V22: 1945 | W22: 1945 | X22: 1945 | Y22: 1945 | Z22: 1945 | AA22: 1945 | AB22: 1945 | AC22: 1945 | AD22: 1945 | AE22: 1945 | AF22: 1945 | AG22: 1945 | AH22: 1945 | AI22: 1945 | AJ22: =AI22-D22
A24: 1 | B24: 3F | C24: AHU1 | D24: 17175 | E24: 17313 | F24: 17315 | G24: 17410 | H24: 17499 | I24: 17499 | J24: 17499 | K24: 17598 | L24: 17682 | M24: 17771 | N24: 17850 | O24: 17932 | P24: 17932 | Q24: 17932 | R24: 18022 | S24: 18098 | T24: 18183 | U24: 18266 | V24: 18335 | W24: 18383 | X24: 18383 | Y24: 18469 | Z24: 18557 | AA24: 18650 | AB24: 18731 | AC24: 18819 | AD24: 18875 | AE24: 18875 | AF24: 18952 | AG24: 19026 | AH24: 19096 | AI24: 19096 | AJ24: =AI24-D24
C25: DG | D25: 1779 | E25: 1792 | F25: 1792 | G25: 1792 | H25: 1792 | I25: 1792 | J25: 1792 | K25: 1792 | L25: 1793 | M25: 1795 | N25: 1795 | O25: 1796 | P25: 1796 | Q25: 1796 | R25: 1796 | S25: 1796 | T25: 1796 | U25: 1796 | V25: 1804 | W25: 1804 | X25: 1804 | Y25: 1804 | Z25: 1804 | AA25: 1804 | AB25: 1804 | AC25: 1804 | AD25: 1804 | AE25: 1804 | AF25: 1804 | AG25: 1804 | AH25: 1804 | AI25: 1804 | AJ25: =AI25-D25
A26: 2 | B26: 3F | C26: AHU2 | D26: 16020 | E26: 16154 | F26: 16155 | G26: 16256 | H26: 16336 | I26: 16336 | J26: 16336 | K26: 16442 | L26: 16515 | M26: 16598 | N26: 16682 | O26: 16774 | P26: 16774 | Q26: 16774 | R26: 16880 | S26: 16978 | T26: 17067 | U26: 17149 | V26: 17233 | W26: 17263 | X26: 17263 | Y26: 17361 | Z26: 17459 | AA26: 17556 | AB26: 17649 | AC26: 17738 | AD26: 17791 | AE26: 17791 | AF26: 17895 | AG26: 17997 | AH26: 18091 | AI26: 18091 | AJ26: =AI26-D26
C27: DG | D27: 1735 | E27: 1745 | F27: 1745 | G27: 1745 | H27: 1745 | I27: 1745 | J27: 1745 | K27: 1745 | L27: 1746 | M27: 1748 | N27: 1748 | O27: 1748 | P27: 1748 | Q27: 1748 | R27: 1749 | S27: 1749 | T27: 1749 | U27: 1749 | V27: 1758 | W27: 1758 | X27: 1758 | Y27: 1758 | Z27: 1758 | AA27: 1758 | AB27: 1758 | AC27: 1758 | AD27: 1758 | AE27: 1758 | AF27: 1758 | AG27: 1758 | AH27: 1758 | AI27: 1758 | AJ27: =AI27-D27
A28: 3 | B28: 3F | C28: AHU3 | D28: 15531 | E28: 15678 | F28: 15678 | G28: 15777 | H28: 15865 | I28: 15865 | J28: 15865 | K28: 15963 | L28: 16058 | M28: 16155 | N28: 16248 | O28: 16343 | P28: 16343 | Q28: 16343 | R28: 16432 | S28: 16526 | T28: 16631 | U28: 16735 | V28: 16822 | W28: 16856 | X28: 16856 | Y28: 16962 | Z28: 17067 | AA28: 17176 | AB28: 17277 | AC28: 17375 | AD28: 17392 | AE28: 17392 | AF28: 17475 | AG28: 17538 | AH28: 17608 | AI28: 17608 | AJ28: =AI28-D28
C29: DG | D29: 1826 | E29: 1840 | F29: 1840 | G29: 1840 | H29: 1840 | I29: 1840 | J29: 1840 | K29: 1840 | L29: 1841 | M29: 1842 | N29: 1842 | O29: 1843 | P29: 1843 | Q29: 1843 | R29: 1843 | S29: 1843 | T29: 1843 | U29: 1843 | V29: 1854 | W29: 1854 | X29: 1854 | Y29: 1854 | Z29: 1854 | AA29: 1854 | AB29: 1854 | AC29: 1854 | AD29: 1854 | AE29: 1854 | AF29: 1854 | AG29: 1854 | AH29: 1854 | AI29: 1854 | AJ29: =AI29-D29
A30: 4 | B30: 3F | C30: AHU4 | D30: 14836 | E30: 14970 | F30: 14971 | G30: 15058 | H30: 15145 | I30: 15145 | J30: 15145 | K30: 15237 | L30: 15322 | M30: 15417 | N30: 15505 | O30: 15590 | P30: 15590 | Q30: 15590 | R30: 15685 | S30: 15770 | T30: 15859 | U30: 15942 | V30: 16016 | W30: 16066 | X30: 16066 | Y30: 16154 | Z30: 16238 | AA30: 16329 | AB30: 16380 | AC30: 16444 | AD30: 16488 | AE30: 16488 | AF30: 16555 | AG30: 16627 | AH30: 16687 | AI30: 16687 | AJ30: =AI30-D30
C31: DG | D31: 1637 | E31: 1649 | F31: 1649 | G31: 1649 | H31: 1649 | I31: 1649 | J31: 1649 | K31: 1649 | L31: 1650 | M31: 1651 | N31: 1651 | O31: 1652 | P31: 1652 | Q31: 1652 | R31: 1652 | S31: 1652 | T31: 1652 | U31: 1652 | V31: 1662 | W31: 1662 | X31: 1662 | Y31: 1662 | Z31: 1662 | AA31: 1662 | AB31: 1662 | AC31: 1662 | AD31: 1662 | AE31: 1662 | AF31: 1662 | AG31: 1662 | AH31: 1662 | AI31: 1662 | AJ31: =AI31-D31
A33: 1 | B33: 3F | C33: AHU1 - BTU | D33: 144022 | E33: 145162 | F33: 145162 | G33: 146079 | H33: 146791 | I33: 146791 | J33: 146791 | K33: 147973 | L33: 148799 | M33: 149410 | N33: 150220 | O33: 150681 | P33: 150681 | Q33: 150681 | R33: 151582 | S33: 152340 | T33: 152905 | U33: 153489 | V33: 154078 | W33: 154247 | X33: 154247 | Y33: 155098 | Z33: 155829 | AA33: 156539 | AB33: 157223 | AC33: 157718 | AD33: 157890 | AE33: 157890 | AF33: 158769 | AG33: 159403 | AH33: 159746 | AI33: 159746 | AJ33: =AI33-D33
A34: 2 | B34: 3F | C34: AHU2 - BTU | D34: 152135 | E34: 153457 | F34: 153457 | G34: 154462 | H34: 155360 | I34: 155360 | J34: 155360 | K34: 156580 | L34: 157655 | M34: 158594 | N34: 159508 | O34: 160104 | P34: 160104 | Q34: 160104 | R34: 161197 | S34: 162059 | T34: 162767 | U34: 163447 | V34: 164140 | W34: 164461 | X34: 164461 | Y34: 165397 | Z34: 166283 | AA34: 167091 | AB34: 167972 | AC34: 168620 | AD34: 168942 | AE34: 168942 | AF34: 169980 | AG34: 170712 | AH34: 171381 | AI34: 171381 | AJ34: =AI34-D34
A35: 3 | B35: 3F | C35: AHU3 - BTU | D35: 158977 | E35: 160207 | F35: 160207 | G35: 161129 | H35: 161902 | I35: 161902 | J35: 161902 | K35: 163111 | L35: 163853 | M35: 164571 | N35: 165358 | O35: 166035 | P35: 166035 | Q35: 166035 | R35: 167031 | S35: 167751 | T35: 168516 | U35: 169242 | V35: 169919 | W35: 170287 | X35: 170287 | Y35: 171209 | Z35: 172020 | AA35: 172774 | AB35: 173480 | AC35: 174061 | AD35: 174252 | AE35: 174252 | AF35: 174996 | AG35: 175623 | AH35: 176009 | AI35: 176009 | AJ35: =AI35-D35
A36: 4 | B36: 3F | C36: AHU4 - BTU | D36: 177713 | E36: 178761 | F36: 178761 | G36: 179823 | H36: 180662 | I36: 180662 | J36: 180662 | K36: 182063 | L36: 183045 | M36: 183857 | N36: 184556 | O36: 185147 | P36: 185147 | Q36: 185147 | R36: 186276 | S36: 187028 | T36: 187842 | U36: 188513 | V36: 189110 | W36: 189312 | X36: 189312 | Y36: 190291 | Z36: 191013 | AA36: 191751 | AB36: 192384 | AC36: 192817 | AD36: 192973 | AE36: 192973 | AF36: 193671 | AG36: 194009 | AH36: 194290 | AI36: 194290 | AJ36: =AI36-D36
B39: Daily Energy Report
B40: Electricity Consumption
A41: Sr.No | B41: Location | C41: Meter | E41: =E3 | F41: =F3 | G41: =G3 | H41: =H3 | I41: =I3 | J41: =J3 | K41: =K3 | L41: =L3 | ... AI41: =AI3 | AJ41: Consumption
E42: =E4 | F42: =F4 | G42: =G4 | H42: =H4 | I42: =I4 | J42: =J4 | K42: =K4 | L42: =L4 | ... AI42: =AI4
E43: Time | F43: Time | G43: Time | H43: Time | I43: Time | J43: Time | K43: Time | L43: Time | M43: Time | N43: Time | O43: Time | P43: Time | Q43: Time | R43: Time | S43: Time | T43: Time | U43: Time | V43: Time | W43: Time | X43: Time | Y43: Time | Z43: Time | AA43: Time | AB43: Time | AC43: Time | AD43: Time | AE43: Time | AF43: Time | AG43: Time | AH43: =AH5 | AI43: Time
E44: 0.33333333 | F44: 0.33333333 | G44: 0.33333333 | H44: 0.33333333 | I44: 0.33333333 | J44: 0.33333333 | K44: 0.33333333 | L44: 0.33333333 | M44: 0.33333333 | N44: 0.33333333 | O44: 0.33333333 | P44: 0.33333333 | Q44: 0.33333333 | R44: 0.33333333 | S44: 0.33333333 | T44: 0.33333333 | U44: 0.33333333 | V44: 0.33333333 | W44: 0.33333333 | X44: 0.33333333 | Y44: 0.33333333 | Z44: 0.33333333 | AA44: 0.33333333 | AB44: 0.33333333 | AC44: 0.33333333 | AD44: 0.33333333 | AE44: 0.33333333 | AF44: 0.33333333 | AG44: 0.33333333 | AH44: 0.33333333 | AI44: 0.33333333
A45: 1 | B45: 3F | C45: SL No 540430038840 (EB Unit) | E45: =E7-D7 | F45: =F7-E7 | G45: =G7-F7 | H45: =H7-G7 | I45: =I7-H7 | J45: =J7-I7 | K45: =K7-J7 | L45: =L7-K7 | ... AI45: =AI7-AH7 | AJ45: =SUM(E45:AI45)
C46: DG | E46: =E8-D8 | F46: =F8-E8 | G46: =G8-F8 | H46: =H8-G8 | I46: =I8-H8 | J46: =J8-I8 | K46: =K8-J8 | L46: =L8-K8 | ... AI46: =AI8-AH8 | AJ46: =SUM(E46:AI46)
A47: 2 | B47: 3F | C47: SL No 540430038845 (EB Unit) | E47: =E9-D9 | F47: =F9-E9 | G47: =G9-F9 | H47: =H9-G9 | I47: =I9-H9 | J47: =J9-I9 | K47: =K9-J9 | L47: =L9-K9 | ... AI47: =AI9-AH9 | AJ47: =SUM(E47:AI47)
C48: DG | E48: =E10-D10 | F48: =F10-E10 | G48: =G10-F10 | H48: =H10-G10 | I48: =I10-H10 | J48: =J10-I10 | K48: =K10-J10 | L48: =L10-K10 | ... AI48: =AI10-AH10 | AJ48: =SUM(E48:AI48)
A49: 3 | B49: 3F | C49: SL No 540430038844 (EB Unit) | E49: =E11-D11 | F49: =F11-E11 | G49: =G11-F11 | H49: =H11-G11 | I49: =I11-H11 | J49: =J11-I11 | K49: =K11-J11 | L49: =L11-K11 | ... AI49: =AI11-AH11 | AJ49: =SUM(E49:AI49)
C50: DG | E50: =E12-D12 | F50: =F12-E12 | G50: =G12-F12 | H50: =H12-G12 | I50: =I12-H12 | J50: =J12-I12 | K50: =K12-J12 | L50: =L12-K12 | ... AI50: =AI12-AH12 | AJ50: =SUM(E50:AI50)
A51: 4 | B51: 3F | C51: SL No 540430038821 (EB Unit) | E51: =E13-D13 | F51: =F13-E13 | G51: =G13-F13 | H51: =H13-G13 | I51: =I13-H13 | J51: =J13-I13 | K51: =K13-J13 | L51: =L13-K13 | ... AI51: =AI13-AH13 | AJ51: =SUM(E51:AI51)
C52: DG | E52: =E14-D14 | F52: =F14-E14 | G52: =G14-F14 | H52: =H14-G14 | I52: =I14-H14 | J52: =J14-I14 | K52: =K14-J14 | L52: =L14-K14 | ... AI52: =AI14-AH14 | AJ52: =SUM(E52:AI52)
A53: 5 | B53: 3F | C53: SL No 540430038849 (EB Unit) | E53: =E15-D15 | F53: =F15-E15 | G53: =G15-F15 | H53: =H15-G15 | I53: =I15-H15 | J53: =J15-I15 | K53: =K15-J15 | L53: =L15-K15 | ... AI53: =AI15-AH15 | AJ53: =SUM(E53:AI53)
C54: DG | E54: =E16-D16 | F54: =F16-E16 | G54: =G16-F16 | H54: =H16-G16 | I54: =I16-H16 | J54: =J16-I16 | K54: =K16-J16 | L54: =L16-K16 | ... AI54: =AI16-AH16 | AJ54: =SUM(E54:AI54) | AK54: EB | AL54: =SUM(AJ7,AJ9,AJ11,AJ13,AJ15,AJ17,AJ19,AJ21)
A55: 6 | B55: 3F | C55: SL No 540430038696 (EB Unit) | E55: =E17-D17 | F55: =F17-E17 | G55: =G17-F17 | H55: =H17-G17 | I55: =I17-H17 | J55: =J17-I17 | K55: =K17-J17 | L55: =L17-K17 | ... AI55: =AI17-AH17 | AJ55: =SUM(E55:AI55) | AK55: AHU | AL55: =SUM(AJ24,AJ26,AJ28,AJ30)
C56: DG | E56: =E18-D18 | F56: =F18-E18 | G56: =G18-F18 | H56: =H18-G18 | I56: =I18-H18 | J56: =J18-I18 | K56: =K18-J18 | L56: =L18-K18 | ... AI56: =AI18-AH18 | AJ56: =SUM(E56:AI56) | AK56: BTU | AL56: =SUM(AJ33,AJ34,AJ35,AJ36)/2
A57: 7 | B57: 3F | C57: SL No 540430038843 (EB Unit) | E57: =E19-D19 | F57: =F19-E19 | G57: =G19-F19 | H57: =H19-G19 | I57: =I19-H19 | J57: =J19-I19 | K57: =K19-J19 | L57: =L19-K19 | ... AI57: =AI19-AH19 | AJ57: =SUM(E57:AI57) | AK57: DG | AL57: =SUM(AJ8,AJ10,AJ12,AJ14,AJ16,AJ18,AJ20,AJ22,AJ25,AJ27,AJ29,AJ31)
C58: DG | E58: =E20-D20 | F58: =F20-E20 | G58: =G20-F20 | H58: =H20-G20 | I58: =I20-H20 | J58: =J20-I20 | K58: =K20-J20 | L58: =L20-K20 | ... AI58: =AI20-AH20 | AJ58: =SUM(E58:AI58)
A59: 8 | B59: 3F | C59: SL No 540430038848 (EB Unit) | E59: =E21-D21 | F59: =F21-E21 | G59: =G21-F21 | H59: =H21-G21 | I59: =I21-H21 | J59: =J21-I21 | K59: =K21-J21 | L59: =L21-K21 | ... AI59: =AI21-AH21 | AJ59: =SUM(E59:AI59)
C60: DG | E60: =E22-D22 | F60: =F22-E22 | G60: =G22-F22 | H60: =H22-G22 | I60: =I22-H22 | J60: =J22-I22 | K60: =K22-J22 | L60: =L22-K22 | ... AI60: =AI22-AH22 | AJ60: =SUM(E60:AI60)
C61: Total Power - EB Unit | E61: =SUM(E59,E57,E55,E53,E51,E49,E47,E45) | F61: =SUM(F59,F57,F55,F53,F51,F49,F47,F45) | G61: =SUM(G59,G57,G55,G53,G51,G49,G47,G45) | H61: =SUM(H59,H57,H55,H53,H51,H49,H47,H45) | I61: =SUM(I59,I57,I55,I53,I51,I49,I47,I45) | J61: =SUM(J59,J57,J55,J53,J51,J49,J47,J45) | K61: =SUM(K59,K57,K55,K53,K51,K49,K47,K45) | L61: =SUM(L59,L57,L55,L53,L51,L49,L47,L45) | ... AI61: =SUM(AI59,AI57,AI55,AI53,AI51,AI49,AI47,AI45) | AJ61: =SUM(E61:AI61)
C62: Total Power- DG | E62: =SUM(E46,E48,E50,E52,E54,E56,E58,E60) | F62: =SUM(F46,F48,F50,F52,F54,F56,F58,F60) | G62: =SUM(G46,G48,G50,G52,G54,G56,G58,G60) | H62: =SUM(H46,H48,H50,H52,H54,H56,H58,H60) | I62: =SUM(I46,I48,I50,I52,I54,I56,I58,I60) | J62: =SUM(J46,J48,J50,J52,J54,J56,J58,J60) | K62: =SUM(K46,K48,K50,K52,K54,K56,K58,K60) | L62: =SUM(L46,L48,L50,L52,L54,L56,L58,L60) | ... AI62: =SUM(AI46,AI48,AI50,AI52,AI54,AI56,AI58,AI60) | AJ62: =SUM(E62:AI62)
C63: Total Power Cumulative | E63: =E61 | F63: =F61 | G63: =G61 | H63: =H61 | I63: =I61 | J63: =J61 | K63: =K61 | L63: =L61 | ... AJ63: =AJ61
A65: S No | B65: Location | C65: Meter
A66: 1 | B66: 3F | C66: AHU1 | E66: =E24-D24 | F66: =F24-E24 | G66: =G24-F24 | H66: =H24-G24 | I66: =I24-H24 | J66: =J24-I24 | K66: =K24-J24 | L66: =L24-K24 | ... AI66: =AI24-AH24 | AJ66: =SUM(E66:AI66)
C67: DG | E67: =E25-D25 | F67: =F25-E25 | G67: =G25-F25 | H67: =H25-G25 | I67: =I25-H25 | J67: =J25-I25 | K67: =K25-J25 | L67: =L25-K25 | ... AI67: =AI25-AH25 | AJ67: =SUM(E67:AI67)
A68: 2 | B68: 3F | C68: AHU2 | E68: =E26-D26 | F68: =F26-E26 | G68: =G26-F26 | H68: =H26-G26 | I68: =I26-H26 | J68: =J26-I26 | K68: =K26-J26 | L68: =L26-K26 | ... AI68: =AI26-AH26 | AJ68: =SUM(E68:AI68)
C69: DG | E69: =E27-D27 | F69: =F27-E27 | G69: =G27-F27 | H69: =H27-G27 | I69: =I27-H27 | J69: =J27-I27 | K69: =K27-J27 | L69: =L27-K27 | ... AI69: =AI27-AH27 | AJ69: =SUM(E69:AI69)
A70: 3 | B70: 3F | C70: AHU3 | E70: =E28-D28 | F70: =F28-E28 | G70: =G28-F28 | H70: =H28-G28 | I70: =I28-H28 | J70: =J28-I28 | K70: =K28-J28 | L70: =L28-K28 | ... AI70: =AI28-AH28 | AJ70: =SUM(E70:AI70)
C71: DG | E71: =E29-D29 | F71: =F29-E29 | G71: =G29-F29 | H71: =H29-G29 | I71: =I29-H29 | J71: =J29-I29 | K71: =K29-J29 | L71: =L29-K29 | ... AI71: =AI29-AH29 | AJ71: =SUM(E71:AI71)
A72: 4 | B72: 3F | C72: AHU4 | E72: =E30-D30 | F72: =F30-E30 | G72: =G30-F30 | H72: =H30-G30 | I72: =I30-H30 | J72: =J30-I30 | K72: =K30-J30 | L72: =L30-K30 | ... AI72: =AI30-AH30 | AJ72: =SUM(E72:AI72)
C73: DG | E73: =E31-D31 | F73: =F31-E31 | G73: =G31-F31 | H73: =H31-G31 | I73: =I31-H31 | J73: =J31-I31 | K73: =K31-J31 | L73: =L31-K31 | ... AI73: =AI31-AH31 | AJ73: =SUM(E73:AI73)
C74: Total AHU Power Consumption | E74: =SUM(E66,E68,E70,E72) | F74: =SUM(F66,F68,F70,F72) | G74: =SUM(G66,G68,G70,G72) | H74: =SUM(H66,H68,H70,H72) | I74: =SUM(I66,I68,I70,I72) | J74: =SUM(J66,J68,J70,J72) | K74: =SUM(K66,K68,K70,K72) | L74: =SUM(L66,L68,L70,L72) | ... AI74: =SUM(AI66,AI68,AI70,AI72) | AJ74: =SUM(E74:AI74)
C75: Total AHU DG consumption | E75: =SUM(E67,E69,E71,E73) | F75: =SUM(F67,F69,F71,F73) | G75: =SUM(G67,G69,G71,G73) | H75: =SUM(H67,H69,H71,H73) | I75: =SUM(I67,I69,I71,I73) | J75: =SUM(J67,J69,J71,J73) | K75: =SUM(K67,K69,K71,K73) | L75: =SUM(L67,L69,L71,L73) | ... AI75: =SUM(AI67,AI69,AI71,AI73) | AJ75: =SUM(E75:AI75)
A76: 1 | B76: 3F | C76: AHU1 - BTU | E76: =E33-D33 | F76: =F33-E33 | G76: =G33-F33 | H76: =H33-G33 | I76: =I33-H33 | J76: =J33-I33 | K76: =K33-J33 | L76: =L33-K33 | ... AI76: =AI33-AH33 | AJ76: =SUM(E76:AI76)
A77: 2 | B77: 3F | C77: AHU2 - BTU | E77: =E34-D34 | F77: =F34-E34 | G77: =G34-F34 | H77: =H34-G34 | I77: =I34-H34 | J77: =J34-I34 | K77: =K34-J34 | L77: =L34-K34 | ... AI77: =AI34-AH34 | AJ77: =SUM(E77:AI77)
A78: 3 | B78: 3F | C78: AHU3 - BTU | E78: =E35-D35 | F78: =F35-E35 | G78: =G35-F35 | H78: =H35-G35 | I78: =I35-H35 | J78: =J35-I35 | K78: =K35-J35 | L78: =L35-K35 | ... AI78: =AI35-AH35 | AJ78: =SUM(E78:AI78)
A79: 4 | B79: 3F | C79: AHU4 - BTU | E79: =E36-D36 | F79: =F36-E36 | G79: =G36-F36 | H79: =H36-G36 | I79: =I36-H36 | J79: =J36-I36 | K79: =K36-J36 | L79: =L36-K36 | ... AI79: =AI36-AH36 | AJ79: =SUM(E79:AI79)
C80: Total BTU Consumption | E80: =SUM(E76:E79) | F80: =SUM(F76:F79) | G80: =SUM(G76:G79) | H80: =SUM(H76:H79) | I80: =SUM(I76:I79) | J80: =SUM(J76:J79) | K80: =SUM(K76:K79) | L80: =SUM(L76:L79) | ... AJ80: =SUM(AJ76:AJ79)

Sheet Nov 24
E2: November 2024
A3: Sr.No | B3: Location | C3: Meter | D3: Previous Reading | E3: 45597 | F3: 45598 | G3: 45599 | H3: 45600 | I3: 45601 | J3: 45602 | K3: 45603 | L3: 45604 | M3: 45605 | N3: 45606 | O3: 45607 | P3: 45608 | Q3: 45609 | R3: 45610 | S3: 45611 | T3: 45612 | U3: 45613 | V3: 45614 | W3: 45615 | X3: 45616 | Y3: 45617 | Z3: 45618 | AA3: 45619 | AB3: 45620 | AC3: 45621 | AD3: 45622 | AE3: 45623 | AF3: 45624 | AG3: 45625 | AH3: 45626 | AI3: Consumption
E4: Fri | F4: Sat | G4: Sun | H4: Mon | I4: Tue | J4: Wed | K4: Thu | L4: Fri | M4: Sat | N4: Sun | O4: Mon | P4: Tue | Q4: Wed | R4: Thu | S4: Fri | T4: Sat | U4: Sun | V4: Mon | W4: Tue | X4: Wed | Y4: Thu | Z4: Fri | AA4: Sat | AB4: Sun | AC4: Mon | AD4: Tue | AE4: Wed | AF4: Thu | AG4: Fri | AH4: Sat
E5: Time | F5: Time | G5: Time | H5: Time | I5: Time | J5: Time | K5: Time | L5: Time | M5: Time | N5: Time | O5: Time | P5: Time | Q5: Time | R5: Time | S5: Time | T5: Time | U5: Time | V5: Time | W5: Time | X5: Time | Y5: Time | Z5: Time | AA5: Time | AB5: Time | AC5: Time | AD5: Time | AE5: Time | AF5: Time | AG5: Time | AH5: Time
E6: 0.33333333 | F6: 0.33333333 | G6: 0.33333333 | H6: 0.33333333 | I6: 0.33333333 | J6: 0.33333333 | K6: 0.33333333 | L6: 0.33333333 | M6: 0.33333333 | N6: 0.33333333 | O6: 0.33333333 | P6: 0.33333333 | Q6: 0.33333333 | R6: 0.33333333 | S6: 0.33333333 | T6: 0.33333333 | U6: 0.33333333 | V6: 0.33333333 | W6: 0.33333333 | X6: 0.33333333 | Y6: 0.33333333 | Z6: 0.33333333 | AA6: 0.33333333 | AB6: 0.33333333 | AC6: 0.33333333 | AD6: 0.33333333 | AE6: 0.33333333 | AF6: 0.33333333 | AG6: 0.33333333 | AH6: 0.33333333
A7: 1 | B7: 3F | C7: SL No 540430038840 (EB Unit) | D7: 62276 | E7: 62591 | F7: 62802 | G7: 63034 | H7: 63289 | I7: 63523 | J7: 63788 | K7: 64044 | L7: 64300 | M7: 64518 | N7: 64730 | O7: 64968 | P7: 65239 | Q7: 65508 | R7: 65746 | S7: 66001 | T7: 66173 | U7: 66383 | V7: 66645 | W7: 66927 | X7: 67179 | Y7: 67433 | Z7: 67688 | AA7: 67894 | AB7: 68118 | AC7: 68368 | AD7: 68628 | AE7: 68907 | AF7: 69171 | AG7: 69415 | AH7: 69543 | AI7: =AH7-D7
C8: DG | D8: 3678 | E8: 3678 | F8: 3678 | G8: 3678 | H8: 3678 | I8: 3682 | J8: 3682 | K8: 3682 | L8: 3682 | M8: 3684 | N8: 3684 | O8: 3718 | P8: 3718 | Q8: 3718 | R8: 3737 | S8: 3737 | T8: 3775 | U8: 3775 | V8: 3775 | W8: 3775 | X8: 3775 | Y8: 3775 | Z8: 3775 | AA8: 3775 | AB8: 3775 | AC8: 3790 | AD8: 3790 | AE8: 3790 | AF8: 3790 | AG8: 3790 | AH8: 3790 | AI8: =AH8-D8
A9: 2 | B9: 3F | C9: SL No 540430038845 (EB Unit) | D9: 1956 | E9: 1956 | F9: 1956 | G9: 1956 | H9: 1956 | I9: 1956 | J9: 1956 | K9: 1956 | L9: 1956 | M9: 1956 | N9: 1956 | O9: 1956 | P9: 1956 | Q9: 1956 | R9: 1956 | S9: 1956 | T9: 1956 | U9: 1956 | V9: 1956 | W9: 1956 | X9: 1956 | Y9: 1956 | Z9: 1956 | AA9: 1956 | AB9: 1956 | AC9: 1956 | AD9: 1956 | AE9: 1956 | AF9: 1956 | AG9: 1956 | AH9: 1956 | AI9: =AH9-D9
C10: DG | D10: 28.6 | E10: 28.6 | F10: 28.6 | G10: 28.6 | H10: 28.6 | I10: 28.6 | J10: 28.6 | K10: 28.6 | L10: 28.6 | M10: 28.6 | N10: 28.6 | O10: 28.6 | P10: 28.6 | Q10: 28.6 | R10: 28.6 | S10: 28.6 | T10: 28.6 | U10: 28.6 | V10: 28.6 | W10: 28.6 | X10: 28.6 | Y10: 28.6 | Z10: 28.6 | AA10: 28.6 | AB10: 28.6 | AC10: 28.6 | AD10: 28.6 | AE10: 28.6 | AF10: 28.6 | AG10: 28.6 | AH10: 28.6 | AI10: =AH10-D10
A11: 3 | B11: 3F | C11: SL No 540430038844 (EB Unit) | D11: 93430 | E11: 93829 | F11: 94127 | G11: 94430 | H11: 94789 | I11: 95105 | J11: 95495 | K11: 95867 | L11: 96230 | M11: 96520 | N11: 96800 | O11: 97145 | P11: 97502 | Q11: 97931 | R11: 98268 | S11: 98634 | T11: 98860 | U11: 99135 | V11: 99511 | W11: 99915 | X11: 100274 | Y11: 100643 | Z11: 100989 | AA11: 101274 | AB11: 101565 | AC11: 101922 | AD11: 102295 | AE11: 102695 | AF11: 103072 | AG11: 103421 | AH11: 103577 | AI11: =AH11-D11
C12: DG | D12: 5538 | E12: 5538 | F12: 5538 | G12: 5538 | H12: 5538 | I12: 5543 | J12: 5543 | K12: 5543 | L12: 5543 | M12: 5547 | N12: 5547 | O12: 5591 | P12: 5591 | Q12: 5591 | R12: 5615 | S12: 5615 | T12: 5667 | U12: 5667 | V12: 5667 | W12: 5667 | X12: 5667 | Y12: 5667 | Z12: 5667 | AA12: 5667 | AB12: 5667 | AC12: 5686 | AD12: 5686 | AE12: 5686 | AF12: 5686 | AG12: 5686 | AH12: 5686 | AI12: =AH12-D12
A13: 4 | B13: 3F | C13: SL No 540430038821 (EB Unit) | D13: 0 | E13: 0 | F13: 0 | G13: 0 | H13: 0 | I13: 0 | J13: 0 | K13: 0 | L13: 0 | M13: 0 | N13: 0 | O13: 0 | P13: 0 | Q13: 0 | R13: 0 | S13: 0 | T13: 0 | U13: 0 | V13: 0 | W13: 0 | X13: 0 | Y13: 0 | Z13: 0 | AA13: 0 | AB13: 0 | AC13: 0 | AD13: 0 | AE13: 0 | AF13: 0 | AG13: 0 | AH13: 0 | AI13: =AH13-D13
C14: DG | D14: 0 | E14: 0 | F14: 0 | G14: 0 | H14: 0 | I14: 0 | J14: 0 | K14: 0 | L14: 0 | M14: 0 | N14: 0 | O14: 0 | P14: 0 | Q14: 0 | R14: 0 | S14: 0 | T14: 0 | U14: 0 | V14: 0 | W14: 0 | X14: 0 | Y14: 0 | Z14: 0 | AA14: 0 | AB14: 0 | AC14: 0 | AD14: 0 | AE14: 0 | AF14: 0 | AG14: 0 | AH14: 0 | AI14: =AH14-D14
A15: 5 | B15: 3F | C15: SL No 540430038849 (EB Unit) | D15: 39703 | E15: 39862 | F15: 39901 | G15: 40106 | H15: 40302 | I15: 40476 | J15: 40696 | K15: 40890 | L15: 41078 | M15: 41179 | N15: 41306 | O15: 41492 | P15: 41699 | Q15: 41899 | R15: 42073 | S15: 42256 | T15: 42354 | U15: 42459 | V15: 42670 | W15: 42889 | X15: 43089 | Y15: 43302 | Z15: 43503 | AA15: 43626 | AB15: 43741 | AC15: 43943 | AD15: 44162 | AE15: 44392 | AF15: 44616 | AG15: 44820 | AH15: 44885 | AI15: =AH15-D15
C16: DG | D16: 2826 | E16: 2826 | F16: 2826 | G16: 2826 | H16: 2826 | I16: 2829 | J16: 2829 | K16: 2829 | L16: 2829 | M16: 2831 | N16: 2831 | O16: 2848 | P16: 2848 | Q16: 2848 | R16: 2859 | S16: 2859 | T16: 2878 | U16: 2878 | V16: 2878 | W16: 2878 | X16: 2878 | Y16: 2878 | Z16: 2878 | AA16: 2878 | AB16: 2878 | AC16: 2886 | AD16: 2886 | AE16: 2886 | AF16: 2886 | AG16: 2886 | AH16: 2886 | AI16: =AH16-D16
A17: 6 | B17: 3F | C17: SL No 540430038646 (EB Unit) | D17: 53462 | E17: 53637 | F17: 53768 | G17: 53894 | H17: 54130 | I17: 54364 | J17: 54575 | K17: 54840 | L17: 55064 | M17: 55207 | N17: 55307 | O17: 55546 | P17: 55788 | Q17: 56022 | R17: 56230 | S17: 56426 | T17: 56512 | U17: 56600 | V17: 56816 | W17: 57025 | X17: 57260 | Y17: 57467 | Z17: 57690 | AA17: 57785 | AB17: 57807 | AC17: 58110 | AD17: 58338 | AE17: 58589 | AF17: 58813 | AG17: 59036 | AH17: 59104 | AI17: =AH17-D17
C18: DG | D18: 3732 | E18: 3732 | F18: 3732 | G18: 3732 | H18: 3732 | I18: 3735 | J18: 3735 | K18: 3735 | L18: 3735 | M18: 3740 | N18: 3740 | O18: 3757 | P18: 3757 | Q18: 3757 | R18: 3766 | S18: 3766 | T18: 3785 | U18: 3785 | V18: 3785 | W18: 3785 | X18: 3785 | Y18: 3785 | Z18: 3785 | AA18: 3785 | AB18: 3785 | AC18: 3794 | AD18: 3794 | AE18: 3794 | AF18: 3794 | AG18: 3794 | AH18: 3794 | AI18: =AH18-D18
A19: 7 | B19: 3F | C19: SL No 540430038843 (EB Unit) | D19: 180492 | E19: 180679 | F19: 181067 | G19: 181462 | H19: 182065 | I19: 182586 | J19: 183366 | K19: 183961 | L19: 184660 | M19: 185152 | N19: 185503 | O19: 186137 | P19: 186836 | Q19: 187547 | R19: 188196 | S19: 188899 | T19: 189404 | U19: 189880 | V19: 190523 | W19: 191238 | X19: 191944 | Y19: 192607 | Z19: 193262 | AA19: 193823 | AB19: 194191 | AC19: 194862 | AD19: 195542 | AE19: 196247 | AF19: 196907 | AG19: 197525 | AH19: 197767 | AI19: =AH19-D19
C20: DG | D20: 10150 | E20: 10150 | F20: 10150 | G20: 10150 | H20: 10150 | I20: 10158 | J20: 10158 | K20: 10158 | L20: 10158 | M20: 10165 | N20: 10165 | O20: 10208 | P20: 10208 | Q20: 10208 | R20: 10238 | S20: 10238 | T20: 10292 | U20: 10292 | V20: 10292 | W20: 10292 | X20: 10292 | Y20: 10292 | Z20: 10292 | AA20: 10292 | AB20: 10292 | AC20: 10303 | AD20: 10303 | AE20: 10303 | AF20: 10303 | AG20: 10303 | AH20: 10303 | AI20: =AH20-D20
A21: 8 | B21: 3F | C21: SL No 540430038848 (EB Unit) | D21: 39721 | E21: 39814 | F21: 39886 | G21: 39965 | H21: 40057 | I21: 40129 | J21: 40220 | K21: 40307 | L21: 40386 | M21: 40401 | N21: 40527 | O21: 40593 | P21: 40671 | Q21: 40749 | R21: 40865 | S21: 41027 | T21: 41133 | U21: 41280 | V21: 41405 | W21: 41548 | X21: 41624 | Y21: 41722 | Z21: 41808 | AA21: 41919 | AB21: 42102 | AC21: 42235 | AD21: 42401 | AE21: 42513 | AF21: 42614 | AG21: 42662 | AH21: 42702 | AI21: =AH21-D21
C22: DG | D22: 1945 | E22: 1945 | F22: 1945 | G22: 1945 | H22: 1945 | I22: 1946 | J22: 1946 | K22: 1946 | L22: 1946 | M22: 1948 | N22: 1948 | O22: 1960 | P22: 1960 | Q22: 1960 | R22: 1960 | S22: 1960 | T22: 1980 | U22: 1980 | V22: 1980 | W22: 1980 | X22: 1980 | Y22: 1980 | Z22: 1980 | AA22: 1980 | AB22: 1980 | AC22: 1983 | AD22: 1983 | AE22: 1983 | AF22: 1983 | AG22: 1983 | AH22: 1983 | AI22: =AH22-D22
A24: 1 | B24: 3F | C24: AHU1 | D24: 19096 | E24: 19096 | F24: 19161 | G24: 19161 | H24: 19262 | I24: 19352 | J24: 19437 | K24: 19518 | L24: 19594 | M24: 19639 | N24: 19639 | O24: 19732 | P24: 19815 | Q24: 19907 | R24: 20002 | S24: 20093 | T24: 20160 | U24: 20160 | V24: 20249 | W24: 20306 | X24: 20362 | Y24: 20409 | Z24: 20471 | AA24: 20528 | AB24: 20528 | AC24: 20604 | AD24: 20683 | AE24: 20760 | AF24: 20802 | AG24: 20853 | AH24: 20893 | AI24: =AH24-D24
C25: DG | D25: 1804 | E25: 1804 | F25: 1804 | G25: 1804 | H25: 1804 | I25: 1806 | J25: 1806 | K25: 1806 | L25: 1806 | M25: 1808 | N25: 1808 | O25: 1808 | P25: 1808 | Q25: 1808 | R25: 1808 | S25: 1808 | T25: 1811 | U25: 1811 | V25: 1811 | W25: 1811 | X25: 1811 | Y25: 1811 | Z25: 1811 | AA25: 1811 | AB25: 1811 | AC25: 1811 | AD25: 1811 | AE25: 1811 | AF25: 1811 | AG25: 1811 | AH25: 1811 | AI25: =AH25-D25
A26: 2 | B26: 3F | C26: AHU2 | D26: 18091 | E26: 18091 | F26: 18143 | G26: 18143 | H26: 18246 | I26: 18337 | J26: 18430 | K26: 18513 | L26: 18589 | M26: 18633 | N26: 18633 | O26: 18723 | P26: 18811 | Q26: 18897 | R26: 18985 | S26: 18999 | T26: 19130 | U26: 19130 | V26: 19188 | W26: 19287 | X26: 19345 | Y26: 19389 | Z26: 19460 | AA26: 19516 | AB26: 19516 | AC26: 19594 | AD26: 19677 | AE26: 19747 | AF26: 19804 | AG26: 19864 | AH26: 19914 | AI26: =AH26-D26
